message_nom	protocol_id	direction	handler_classe	handler_methode	fichier:ligne	emu	version
ReleaseAccountMessage	9736	C2S	ConnectionHandler	HandleReleaseAccountMessage	refs/dofus-server-client-2.68/server/giny/Sources/Servers/Giny.Auth/Handlers/ConnectionHandler.cs:30	oneair	2.68-docker
ForceAccountMessage	78	C2S	ConnectionHandler	HandleForceAccountMessage	refs/dofus-server-client-2.68/server/giny/Sources/Servers/Giny.Auth/Handlers/ConnectionHandler.cs:35	oneair	2.68-docker
ServerSelectionMessage	1712	C2S	ConnectionHandler	HandleServerSelectionMessage	refs/dofus-server-client-2.68/server/giny/Sources/Servers/Giny.Auth/Handlers/ConnectionHandler.cs:57	oneair	2.68-docker
NicknameChoiceRequestMessage	1518	C2S	ConnectionHandler	HandleNicknameChoiceRequestMessage	refs/dofus-server-client-2.68/server/giny/Sources/Servers/Giny.Auth/Handlers/ConnectionHandler.cs:127	oneair	2.68-docker
IdentificationMessage	7755	C2S	ConnectionHandler	HandleIdentificationMessage	refs/dofus-server-client-2.68/server/giny/Sources/Servers/Giny.Auth/Handlers/ConnectionHandler.cs:165	oneair	2.68-docker
HandshakeMessage	6	C2S	IPCHandler	HandleHandshakeMessage	refs/dofus-server-client-2.68/server/giny/Sources/Servers/Giny.Auth/Handlers/IPCHandler.cs:23	oneair	2.68-docker
IPCServerStatusUpdateMessage	11	C2S	IPCHandler	HandleUpdateServerStatusMessage	refs/dofus-server-client-2.68/server/giny/Sources/Servers/Giny.Auth/Handlers/IPCHandler.cs:38	oneair	2.68-docker
AccountRequestMessage	18	C2S	IPCHandler	HandleAccountRequestMessage	refs/dofus-server-client-2.68/server/giny/Sources/Servers/Giny.Auth/Handlers/IPCHandler.cs:47	oneair	2.68-docker
IPCCharacterCreationRequestMessage	7	C2S	IPCHandler	HandleIPCCharacterCreationRequestMessage	refs/dofus-server-client-2.68/server/giny/Sources/Servers/Giny.Auth/Handlers/IPCHandler.cs:66	oneair	2.68-docker
IPCCharacterDeletionRequestMessage	9	C2S	IPCHandler	HandleCharacterDeletionRequestMessage	refs/dofus-server-client-2.68/server/giny/Sources/Servers/Giny.Auth/Handlers/IPCHandler.cs:86	oneair	2.68-docker
ResetWorldRequestMessage	16	C2S	IPCHandler	HandleResetWorldRequestMessage	refs/dofus-server-client-2.68/server/giny/Sources/Servers/Giny.Auth/Handlers/IPCHandler.cs:100	oneair	2.68-docker
AuthenticationTicketMessage	1775	C2S	ApproachHandler	HandleAuthenticationTicketMessage	refs/dofus-server-client-2.68/server/giny/Sources/Servers/Giny.World/Handlers/Approach/ApproachHandler.cs:22	oneair	2.68-docker
ReloginTokenRequestMessage	8049	C2S	ApproachHandler	HandleReloginTokenRequestMessage	refs/dofus-server-client-2.68/server/giny/Sources/Servers/Giny.World/Handlers/Approach/ApproachHandler.cs:53	oneair	2.68-docker
CharacterNameSuggestionRequestMessage	3929	C2S	CharacterHandler	HandleCharacterNameSuggestionRequestMessage	refs/dofus-server-client-2.68/server/giny/Sources/Servers/Giny.World/Handlers/Approach/CharacterHandler.cs:32	oneair	2.68-docker
CharacterCreationRequestMessage	7608	C2S	CharacterHandler	HandleCharacterCreationRequestMessage	refs/dofus-server-client-2.68/server/giny/Sources/Servers/Giny.World/Handlers/Approach/CharacterHandler.cs:37	oneair	2.68-docker
CharactersListRequestMessage	3965	C2S	CharacterHandler	HandleCharacterListRequestMessage	refs/dofus-server-client-2.68/server/giny/Sources/Servers/Giny.World/Handlers/Approach/CharacterHandler.cs:86	oneair	2.68-docker
CharacterFirstSelectionMessage	567	C2S	CharacterHandler	HandleCharacterFirstSelectionMessage	refs/dofus-server-client-2.68/server/giny/Sources/Servers/Giny.World/Handlers/Approach/CharacterHandler.cs:97	oneair	2.68-docker
CharacterCanBeCreatedRequestMessage	7257	C2S	CharacterHandler	HandleCharacterCanBeCreatedRequestMessage	refs/dofus-server-client-2.68/server/giny/Sources/Servers/Giny.World/Handlers/Approach/CharacterHandler.cs:117	oneair	2.68-docker
CharacterDeletionPrepareRequestMessage	5833	C2S	CharacterHandler	HandleCharacterDeletionPrepareRequestMessage	refs/dofus-server-client-2.68/server/giny/Sources/Servers/Giny.World/Handlers/Approach/CharacterHandler.cs:122	oneair	2.68-docker
CharacterDeletionRequestMessage	2985	C2S	CharacterHandler	HandleCharacterDeletionRequestMessage	refs/dofus-server-client-2.68/server/giny/Sources/Servers/Giny.World/Handlers/Approach/CharacterHandler.cs:132	oneair	2.68-docker
CharacterSelectionMessage	7194	C2S	CharacterHandler	HandleCharacterSelectionMessage	refs/dofus-server-client-2.68/server/giny/Sources/Servers/Giny.World/Handlers/Approach/CharacterHandler.cs:161	oneair	2.68-docker
CharacterReplayRequestMessage	3908	C2S	CharacterHandler	HandleCharacterReplayRequest	refs/dofus-server-client-2.68/server/giny/Sources/Servers/Giny.World/Handlers/Approach/CharacterHandler.cs:188	oneair	2.68-docker
PopupWarningCloseRequestMessage	2188	C2S	BasicHandler	HandlePopupWarningCloseRequest	refs/dofus-server-client-2.68/server/giny/Sources/Servers/Giny.World/Handlers/BasicHandler.cs:14	oneair	2.68-docker
BasicPingMessage	4681	C2S	BasicHandler	HandleBasicPing	refs/dofus-server-client-2.68/server/giny/Sources/Servers/Giny.World/Handlers/BasicHandler.cs:19	oneair	2.68-docker
GameContextCreateRequestMessage	1530	C2S	ContextHandler	HandleGameContextCreateRequestMessage	refs/dofus-server-client-2.68/server/giny/Sources/Servers/Giny.World/Handlers/ContextHandler.cs:17	oneair	2.68-docker
GameContextReadyMessage	4992	C2S	ContextHandler	HandleGameContextReadyMessage	refs/dofus-server-client-2.68/server/giny/Sources/Servers/Giny.World/Handlers/ContextHandler.cs:36	oneair	2.68-docker
ChallengeBonusChoiceMessage	588	C2S	ChallengesHandler	HandleChallengeBonusChoiceMessage	refs/dofus-server-client-2.68/server/giny/Sources/Servers/Giny.World/Handlers/Fights/ChallengesHandler.cs:18	oneair	2.68-docker
ChallengeModSelectMessage	3759	C2S	ChallengesHandler	HandleChallengeModSelectMessage	refs/dofus-server-client-2.68/server/giny/Sources/Servers/Giny.World/Handlers/Fights/ChallengesHandler.cs:31	oneair	2.68-docker
ChallengeTargetsRequestMessage	4777	C2S	ChallengesHandler	HandleChallengeTargetsRequestMessage	refs/dofus-server-client-2.68/server/giny/Sources/Servers/Giny.World/Handlers/Fights/ChallengesHandler.cs:60	oneair	2.68-docker
ChallengeSelectionMessage	7424	C2S	ChallengesHandler	HandleChallengeSelectionMessage	refs/dofus-server-client-2.68/server/giny/Sources/Servers/Giny.World/Handlers/Fights/ChallengesHandler.cs:92	oneair	2.68-docker
ChallengeValidateMessage	248	C2S	ChallengesHandler	HandleChallengeValidateMessage	refs/dofus-server-client-2.68/server/giny/Sources/Servers/Giny.World/Handlers/Fights/ChallengesHandler.cs:120	oneair	2.68-docker
ChallengeReadyMessage	9312	C2S	ChallengesHandler	HandleChallengeReadyMessage	refs/dofus-server-client-2.68/server/giny/Sources/Servers/Giny.World/Handlers/Fights/ChallengesHandler.cs:146	oneair	2.68-docker
GameActionFightCastOnTargetRequestMessage	5894	C2S	FightsHandler	HandleGameActionFightCastRequestMessage	refs/dofus-server-client-2.68/server/giny/Sources/Servers/Giny.World/Handlers/Fights/FightsHandler.cs:20	oneair	2.68-docker
GameActionFightCastRequestMessage	6441	C2S	FightsHandler	HandleGameActionFightCastRequestMessage	refs/dofus-server-client-2.68/server/giny/Sources/Servers/Giny.World/Handlers/Fights/FightsHandler.cs:35	oneair	2.68-docker
GameContextQuitMessage	5896	C2S	FightsHandler	HandleGameContextQuitMessage	refs/dofus-server-client-2.68/server/giny/Sources/Servers/Giny.World/Handlers/Fights/FightsHandler.cs:45	oneair	2.68-docker
GameFightPlacementPositionRequestMessage	8071	C2S	FightsHandler	HandleGameFightPlacementPositionRequestMessage	refs/dofus-server-client-2.68/server/giny/Sources/Servers/Giny.World/Handlers/Fights/FightsHandler.cs:61	oneair	2.68-docker
GameFightPlacementSwapPositionsRequestMessage	5094	C2S	FightsHandler	HandleGameFightPlacementSwapPositionsRequestMessage	refs/dofus-server-client-2.68/server/giny/Sources/Servers/Giny.World/Handlers/Fights/FightsHandler.cs:69	oneair	2.68-docker
GameFightJoinRequestMessage	2009	C2S	FightsHandler	HandleGameFightJoinRequestMessage	refs/dofus-server-client-2.68/server/giny/Sources/Servers/Giny.World/Handlers/Fights/FightsHandler.cs:83	oneair	2.68-docker
GameFightReadyMessage	5577	C2S	FightsHandler	HandleGameFightReady	refs/dofus-server-client-2.68/server/giny/Sources/Servers/Giny.World/Handlers/Fights/FightsHandler.cs:93	oneair	2.68-docker
GameContextKickMessage	7588	C2S	FightsHandler	HandleGameGameContextKickMessage	refs/dofus-server-client-2.68/server/giny/Sources/Servers/Giny.World/Handlers/Fights/FightsHandler.cs:99	oneair	2.68-docker
ShowCellRequestMessage	2880	C2S	FightsHandler	HandleShowCellRequestMessage	refs/dofus-server-client-2.68/server/giny/Sources/Servers/Giny.World/Handlers/Fights/FightsHandler.cs:112	oneair	2.68-docker
GameFightOptionToggleMessage	4020	C2S	FightsHandler	HandleFightOptionToggle	refs/dofus-server-client-2.68/server/giny/Sources/Servers/Giny.World/Handlers/Fights/FightsHandler.cs:120	oneair	2.68-docker
GameActionAcknowledgementMessage	5824	C2S	FightsHandler	HandleGameActionAcknowledgementMessage	refs/dofus-server-client-2.68/server/giny/Sources/Servers/Giny.World/Handlers/Fights/FightsHandler.cs:128	oneair	2.68-docker
GameFightTurnFinishMessage	7870	C2S	FightsHandler	HandleGameFightTurnFinishMessage	refs/dofus-server-client-2.68/server/giny/Sources/Servers/Giny.World/Handlers/Fights/FightsHandler.cs:136	oneair	2.68-docker
GameFightTurnReadyMessage	6559	C2S	FightsHandler	HandleGameFightTurnReadyMessage	refs/dofus-server-client-2.68/server/giny/Sources/Servers/Giny.World/Handlers/Fights/FightsHandler.cs:144	oneair	2.68-docker
DisconnectClientRequestMessage	4	C2S	IPCHandler	HandleDisconnectRequest	refs/dofus-server-client-2.68/server/giny/Sources/Servers/Giny.World/Handlers/IPCHandler.cs:14	oneair	2.68-docker
IsIpConnectedRequestMessage	12	C2S	IPCHandler	HandleIsConnectedRequest	refs/dofus-server-client-2.68/server/giny/Sources/Servers/Giny.World/Handlers/IPCHandler.cs:23	oneair	2.68-docker
HaapiApiKeyRequestMessage	1598	C2S	OneAirNoopHandlers	HandleHaapiApiKeyRequestMessage	refs/dofus-server-client-2.68/server/giny/Sources/Servers/Giny.World/Handlers/OneAir/OneAirNoopHandlers.cs:11	oneair	2.68-docker
HaapiShopApiKeyRequestMessage	9680	C2S	OneAirNoopHandlers	HandleHaapiShopApiKeyRequestMessage	refs/dofus-server-client-2.68/server/giny/Sources/Servers/Giny.World/Handlers/OneAir/OneAirNoopHandlers.cs:14	oneair	2.68-docker
SpouseGetInformationsMessage	7971	C2S	OneAirNoopHandlers	HandleSpouseGetInformationsMessage	refs/dofus-server-client-2.68/server/giny/Sources/Servers/Giny.World/Handlers/OneAir/OneAirNoopHandlers.cs:17	oneair	2.68-docker
AnomalySubareaInformationRequestMessage	5036	C2S	OneAirNoopHandlers	HandleAnomalySubareaInformationRequestMessage	refs/dofus-server-client-2.68/server/giny/Sources/Servers/Giny.World/Handlers/OneAir/OneAirNoopHandlers.cs:20	oneair	2.68-docker
SequenceNumberMessage	2099	C2S	OneAirNoopHandlers	HandleSequenceNumberMessage	refs/dofus-server-client-2.68/server/giny/Sources/Servers/Giny.World/Handlers/OneAir/OneAirNoopHandlers.cs:23	oneair	2.68-docker
ClientKeyMessage	3370	C2S	OneAirNoopHandlers	HandleClientKeyMessage	refs/dofus-server-client-2.68/server/giny/Sources/Servers/Giny.World/Handlers/OneAir/OneAirNoopHandlers.cs:26	oneair	2.68-docker
StartListenGuildChestStructureMessage	3185	C2S	OneAirNoopHandlers	HandleStartListenGuildChestStructure	refs/dofus-server-client-2.68/server/giny/Sources/Servers/Giny.World/Handlers/OneAir/OneAirNoopHandlers.cs:33	oneair	2.68-docker
StopListenGuildChestStructureMessage	4831	C2S	OneAirNoopHandlers	HandleStopListenGuildChestStructure	refs/dofus-server-client-2.68/server/giny/Sources/Servers/Giny.World/Handlers/OneAir/OneAirNoopHandlers.cs:36	oneair	2.68-docker
GuildListApplicationRequestMessage	2510	C2S	OneAirNoopHandlers	HandleGuildListApplicationRequest	refs/dofus-server-client-2.68/server/giny/Sources/Servers/Giny.World/Handlers/OneAir/OneAirNoopHandlers.cs:40	oneair	2.68-docker
GuildIsThereAnyApplicationMessage	1379	C2S	OneAirNoopHandlers	HandleGuildIsThereAnyApplication	refs/dofus-server-client-2.68/server/giny/Sources/Servers/Giny.World/Handlers/OneAir/OneAirNoopHandlers.cs:46	oneair	2.68-docker
GuildSubmitApplicationMessage	8897	C2S	OneAirNoopHandlers	HandleGuildSubmitApplication	refs/dofus-server-client-2.68/server/giny/Sources/Servers/Giny.World/Handlers/OneAir/OneAirNoopHandlers.cs:49	oneair	2.68-docker
GuildDeleteApplicationRequestMessage	9302	C2S	OneAirNoopHandlers	HandleGuildDeleteApplicationRequest	refs/dofus-server-client-2.68/server/giny/Sources/Servers/Giny.World/Handlers/OneAir/OneAirNoopHandlers.cs:52	oneair	2.68-docker
GuildApplicationAnswerMessage	5583	C2S	OneAirNoopHandlers	HandleGuildApplicationAnswer	refs/dofus-server-client-2.68/server/giny/Sources/Servers/Giny.World/Handlers/OneAir/OneAirNoopHandlers.cs:55	oneair	2.68-docker
GuildUpdateApplicationMessage	3891	C2S	OneAirNoopHandlers	HandleGuildUpdateApplication	refs/dofus-server-client-2.68/server/giny/Sources/Servers/Giny.World/Handlers/OneAir/OneAirNoopHandlers.cs:58	oneair	2.68-docker
GuildApplicationListenMessage	1821	C2S	OneAirNoopHandlers	HandleGuildApplicationListen	refs/dofus-server-client-2.68/server/giny/Sources/Servers/Giny.World/Handlers/OneAir/OneAirNoopHandlers.cs:61	oneair	2.68-docker
AllianceSubmitApplicationMessage	961	C2S	OneAirNoopHandlers	HandleAllianceSubmitApplication	refs/dofus-server-client-2.68/server/giny/Sources/Servers/Giny.World/Handlers/OneAir/OneAirNoopHandlers.cs:65	oneair	2.68-docker
AllianceDeleteApplicationRequestMessage	4504	C2S	OneAirNoopHandlers	HandleAllianceDeleteApplicationRequest	refs/dofus-server-client-2.68/server/giny/Sources/Servers/Giny.World/Handlers/OneAir/OneAirNoopHandlers.cs:68	oneair	2.68-docker
AllianceUpdateApplicationMessage	6742	C2S	OneAirNoopHandlers	HandleAllianceUpdateApplication	refs/dofus-server-client-2.68/server/giny/Sources/Servers/Giny.World/Handlers/OneAir/OneAirNoopHandlers.cs:71	oneair	2.68-docker
AllianceApplicationListenMessage	121	C2S	OneAirNoopHandlers	HandleAllianceApplicationListen	refs/dofus-server-client-2.68/server/giny/Sources/Servers/Giny.World/Handlers/OneAir/OneAirNoopHandlers.cs:74	oneair	2.68-docker
AllianceIsThereAnyApplicationMessage	6004	C2S	OneAirNoopHandlers	HandleAllianceIsThereAnyApplication	refs/dofus-server-client-2.68/server/giny/Sources/Servers/Giny.World/Handlers/OneAir/OneAirNoopHandlers.cs:77	oneair	2.68-docker
AllianceApplicationAnswerMessage	8759	C2S	OneAirNoopHandlers	HandleAllianceApplicationAnswer	refs/dofus-server-client-2.68/server/giny/Sources/Servers/Giny.World/Handlers/OneAir/OneAirNoopHandlers.cs:80	oneair	2.68-docker
AchievementRewardRequestMessage	1218	C2S	AchievementsHandler	HandleAchievementRewardRequest	refs/dofus-server-client-2.68/server/giny/Sources/Servers/Giny.World/Handlers/Roleplay/Achievements/AchievementsHandler.cs:16	oneair	2.68-docker
AchievementAlmostFinishedDetailedListRequestMessage	8667	C2S	AchievementsHandler	HandleAchievementAlmostFinishedDetailedListRequest	refs/dofus-server-client-2.68/server/giny/Sources/Servers/Giny.World/Handlers/Roleplay/Achievements/AchievementsHandler.cs:29	oneair	2.68-docker
AchievementDetailsRequestMessage	838	C2S	AchievementsHandler	HandleAchievementDetailsRequestMessage	refs/dofus-server-client-2.68/server/giny/Sources/Servers/Giny.World/Handlers/Roleplay/Achievements/AchievementsHandler.cs:35	oneair	2.68-docker
AchievementDetailedListRequestMessage	8893	C2S	AchievementsHandler	HandleAchievementDetailedListRequestMessage	refs/dofus-server-client-2.68/server/giny/Sources/Servers/Giny.World/Handlers/Roleplay/Achievements/AchievementsHandler.cs:57	oneair	2.68-docker
AdminCommandMessage	3305	C2S	AdminHandler	HandleAdminCommandMessage	refs/dofus-server-client-2.68/server/giny/Sources/Servers/Giny.World/Handlers/Roleplay/Admin/AdminHandler.cs:17	oneair	2.68-docker
AdminQuietCommandMessage	3781	C2S	AdminHandler	HandleAdminQuietCommandMessage	refs/dofus-server-client-2.68/server/giny/Sources/Servers/Giny.World/Handlers/Roleplay/Admin/AdminHandler.cs:23	oneair	2.68-docker
AllianceCreationValidMessage	1538	C2S	AlliancesHandler	HandleAllianceCreationValidMessage	refs/dofus-server-client-2.68/server/giny/Sources/Servers/Giny.World/Handlers/Roleplay/Alliances/AlliancesHandler.cs:20	oneair	2.68-docker
AllianceSummaryRequestMessage	8794	C2S	AlliancesHandler	HandleAllianceSummaryRequest	refs/dofus-server-client-2.68/server/giny/Sources/Servers/Giny.World/Handlers/Roleplay/Alliances/AlliancesHandler.cs:37	oneair	2.68-docker
AllianceFactsRequestMessage	6034	C2S	AlliancesHandler	HandleAllianceFactsRequest	refs/dofus-server-client-2.68/server/giny/Sources/Servers/Giny.World/Handlers/Roleplay/Alliances/AlliancesHandler.cs:43	oneair	2.68-docker
AllianceInsiderInfoRequestMessage	3738	C2S	AlliancesHandler	HandleAllianceInsiderInfoRequest	refs/dofus-server-client-2.68/server/giny/Sources/Servers/Giny.World/Handlers/Roleplay/Alliances/AlliancesHandler.cs:55	oneair	2.68-docker
AllianceGetRecruitmentInformationMessage	5947	C2S	AlliancesHandler	HandleAllianceGetRecruitmentInformation	refs/dofus-server-client-2.68/server/giny/Sources/Servers/Giny.World/Handlers/Roleplay/Alliances/AlliancesHandler.cs:62	oneair	2.68-docker
AllianceRanksRequestMessage	8832	C2S	AlliancesHandler	HandleAllianceRanksRequest	refs/dofus-server-client-2.68/server/giny/Sources/Servers/Giny.World/Handlers/Roleplay/Alliances/AlliancesHandler.cs:69	oneair	2.68-docker
AllianceInvitationMessage	8696	C2S	AlliancesHandler	HandleAllianceInvitation	refs/dofus-server-client-2.68/server/giny/Sources/Servers/Giny.World/Handlers/Roleplay/Alliances/AlliancesHandler.cs:81	oneair	2.68-docker
AllianceInvitationAnswerMessage	841	C2S	AlliancesHandler	HandleAllianceInvitationAnswer	refs/dofus-server-client-2.68/server/giny/Sources/Servers/Giny.World/Handlers/Roleplay/Alliances/AlliancesHandler.cs:134	oneair	2.68-docker
AllianceKickRequestMessage	3588	C2S	AlliancesHandler	HandleAllianceKickRequest	refs/dofus-server-client-2.68/server/giny/Sources/Servers/Giny.World/Handlers/Roleplay/Alliances/AlliancesHandler.cs:148	oneair	2.68-docker
AllianceMotdSetRequestMessage	4660	C2S	AlliancesHandler	HandleAllianceMotdSetRequest	refs/dofus-server-client-2.68/server/giny/Sources/Servers/Giny.World/Handlers/Roleplay/Alliances/AlliancesHandler.cs:186	oneair	2.68-docker
AllianceGetPlayerApplicationMessage	6329	C2S	AlliancesHandler	HandleAllianceGetPlayerApplication	refs/dofus-server-client-2.68/server/giny/Sources/Servers/Giny.World/Handlers/Roleplay/Alliances/AlliancesHandler.cs:202	oneair	2.68-docker
AllianceListApplicationRequestMessage	2579	C2S	AlliancesHandler	HandleAllianceListApplicationRequest	refs/dofus-server-client-2.68/server/giny/Sources/Servers/Giny.World/Handlers/Roleplay/Alliances/AlliancesHandler.cs:208	oneair	2.68-docker
AllianceMemberStartWarningOnConnectionMessage	7557	C2S	AlliancesHandler	HandleAllianceMemberStartWarning	refs/dofus-server-client-2.68/server/giny/Sources/Servers/Giny.World/Handlers/Roleplay/Alliances/AlliancesHandler.cs:214	oneair	2.68-docker
AllianceMemberStopWarningOnConnectionMessage	9966	C2S	AlliancesHandler	HandleAllianceMemberStopWarning	refs/dofus-server-client-2.68/server/giny/Sources/Servers/Giny.World/Handlers/Roleplay/Alliances/AlliancesHandler.cs:217	oneair	2.68-docker
GameRolePlayArenaRegisterMessage	888	C2S	ArenaHandler	HandleGameRolePlayArenaRegisterMessage	refs/dofus-server-client-2.68/server/giny/Sources/Servers/Giny.World/Handlers/Roleplay/Arena/ArenaHandler.cs:14	oneair	2.68-docker
GameRolePlayArenaUnregisterMessage	2239	C2S	ArenaHandler	HandleGameRolePlayArenaUnregisterMessage	refs/dofus-server-client-2.68/server/giny/Sources/Servers/Giny.World/Handlers/Roleplay/Arena/ArenaHandler.cs:21	oneair	2.68-docker
GameRolePlayArenaFightAnswerMessage	9421	C2S	ArenaHandler	HandleGameRolePlayArenaFightAnswerMessage	refs/dofus-server-client-2.68/server/giny/Sources/Servers/Giny.World/Handlers/Roleplay/Arena/ArenaHandler.cs:27	oneair	2.68-docker
ExchangeBidHouseTypeMessage	7879	C2S	BidshopsHandler	HandleExchangeBidhouseTypes	refs/dofus-server-client-2.68/server/giny/Sources/Servers/Giny.World/Handlers/Roleplay/Bidshops/BidshopsHandler.cs:17	oneair	2.68-docker
ExchangeBidHouseListMessage	8418	C2S	BidshopsHandler	HandleExchangeBidhouseList	refs/dofus-server-client-2.68/server/giny/Sources/Servers/Giny.World/Handlers/Roleplay/Bidshops/BidshopsHandler.cs:25	oneair	2.68-docker
ExchangeBidHouseBuyMessage	7228	C2S	BidshopsHandler	HandleExchangeBidHouseBuy	refs/dofus-server-client-2.68/server/giny/Sources/Servers/Giny.World/Handlers/Roleplay/Bidshops/BidshopsHandler.cs:33	oneair	2.68-docker
ExchangeBidHouseSearchMessage	1214	C2S	BidshopsHandler	HandleBidHouseSearch	refs/dofus-server-client-2.68/server/giny/Sources/Servers/Giny.World/Handlers/Roleplay/Bidshops/BidshopsHandler.cs:43	oneair	2.68-docker
ExchangeBidHousePriceMessage	8009	C2S	BidshopsHandler	HandleExchangeBidHousePrice	refs/dofus-server-client-2.68/server/giny/Sources/Servers/Giny.World/Handlers/Roleplay/Bidshops/BidshopsHandler.cs:52	oneair	2.68-docker
ObjectAveragePricesGetMessage	8285	C2S	BidshopsHandler	HandleObjectAveragePricesGetMessage	refs/dofus-server-client-2.68/server/giny/Sources/Servers/Giny.World/Handlers/Roleplay/Bidshops/BidshopsHandler.cs:60	oneair	2.68-docker
ExchangeObjectTransfertAllToInvMessage	4489	C2S	ExchangesHandler	HandleExchangeObjectTransfertAllToInv	refs/dofus-server-client-2.68/server/giny/Sources/Servers/Giny.World/Handlers/Roleplay/Exchanges/ExchangesHandler.cs:20	oneair	2.68-docker
ExchangeObjectTransfertAllFromInvMessage	5560	C2S	ExchangesHandler	HandleExchangeObjectTransfertAllFromInv	refs/dofus-server-client-2.68/server/giny/Sources/Servers/Giny.World/Handlers/Roleplay/Exchanges/ExchangesHandler.cs:28	oneair	2.68-docker
ExchangeCraftCountRequestMessage	4941	C2S	ExchangesHandler	HandleExchangeCraftCountRequest	refs/dofus-server-client-2.68/server/giny/Sources/Servers/Giny.World/Handlers/Roleplay/Exchanges/ExchangesHandler.cs:37	oneair	2.68-docker
ExchangeSetCraftRecipeMessage	6900	C2S	ExchangesHandler	HandleExchangeSetCraftRecipeMessage	refs/dofus-server-client-2.68/server/giny/Sources/Servers/Giny.World/Handlers/Roleplay/Exchanges/ExchangesHandler.cs:45	oneair	2.68-docker
ExchangeObjectMovePricedMessage	1233	C2S	ExchangesHandler	HandleExchangeObjectMovePriced	refs/dofus-server-client-2.68/server/giny/Sources/Servers/Giny.World/Handlers/Roleplay/Exchanges/ExchangesHandler.cs:53	oneair	2.68-docker
ExchangeObjectModifyPricedMessage	5202	C2S	ExchangesHandler	HandleExchangeObjectModifyPriced	refs/dofus-server-client-2.68/server/giny/Sources/Servers/Giny.World/Handlers/Roleplay/Exchanges/ExchangesHandler.cs:61	oneair	2.68-docker
ExchangeBuyMessage	4160	C2S	ExchangesHandler	HandleExchangeBuyMessage	refs/dofus-server-client-2.68/server/giny/Sources/Servers/Giny.World/Handlers/Roleplay/Exchanges/ExchangesHandler.cs:70	oneair	2.68-docker
ExchangeObjectMoveMessage	1343	C2S	ExchangesHandler	HandleExchangeObjectMoveMessage	refs/dofus-server-client-2.68/server/giny/Sources/Servers/Giny.World/Handlers/Roleplay/Exchanges/ExchangesHandler.cs:79	oneair	2.68-docker
ExchangeReadyMessage	4758	C2S	ExchangesHandler	HandleExchangeReadyMessage	refs/dofus-server-client-2.68/server/giny/Sources/Servers/Giny.World/Handlers/Roleplay/Exchanges/ExchangesHandler.cs:84	oneair	2.68-docker
FocusedExchangeReadyMessage	9025	C2S	ExchangesHandler	HandleFocusedExchangeReadyMessage	refs/dofus-server-client-2.68/server/giny/Sources/Servers/Giny.World/Handlers/Roleplay/Exchanges/ExchangesHandler.cs:90	oneair	2.68-docker
ExchangeObjectMoveKamaMessage	9588	C2S	ExchangesHandler	HandleExchangeObjectMoveKamasMessage	refs/dofus-server-client-2.68/server/giny/Sources/Servers/Giny.World/Handlers/Roleplay/Exchanges/ExchangesHandler.cs:96	oneair	2.68-docker
ExchangePlayerRequestMessage	1592	C2S	ExchangesHandler	HandleExchangePlayerRequestMessage	refs/dofus-server-client-2.68/server/giny/Sources/Servers/Giny.World/Handlers/Roleplay/Exchanges/ExchangesHandler.cs:104	oneair	2.68-docker
ExchangeAcceptMessage	5828	C2S	ExchangesHandler	HandleExchangeAcceptMessage	refs/dofus-server-client-2.68/server/giny/Sources/Servers/Giny.World/Handlers/Roleplay/Exchanges/ExchangesHandler.cs:146	oneair	2.68-docker
GuildCreationValidMessage	7219	C2S	GuildsHandler	HandleGuildCreationRequest	refs/dofus-server-client-2.68/server/giny/Sources/Servers/Giny.World/Handlers/Roleplay/Guilds/GuildsHandler.cs:23	oneair	2.68-docker
GuildMotdSetRequestMessage	7776	C2S	GuildsHandler	HandleGuildMotdSetRequestMessage	refs/dofus-server-client-2.68/server/giny/Sources/Servers/Giny.World/Handlers/Roleplay/Guilds/GuildsHandler.cs:30	oneair	2.68-docker
GuildBulletinSetRequestMessage	9739	C2S	GuildsHandler	HandleGuildBulletinSetRequestMessage	refs/dofus-server-client-2.68/server/giny/Sources/Servers/Giny.World/Handlers/Roleplay/Guilds/GuildsHandler.cs:39	oneair	2.68-docker
CreateGuildRankRequestMessage	4614	C2S	GuildsHandler	HandleCreateGuildRankRequestMessage	refs/dofus-server-client-2.68/server/giny/Sources/Servers/Giny.World/Handlers/Roleplay/Guilds/GuildsHandler.cs:48	oneair	2.68-docker
UpdateGuildRankRequestMessage	9794	C2S	GuildsHandler	HandleUpdateGuildRankRequestMessage	refs/dofus-server-client-2.68/server/giny/Sources/Servers/Giny.World/Handlers/Roleplay/Guilds/GuildsHandler.cs:68	oneair	2.68-docker
UpdateGuildRightsMessage	2656	C2S	GuildsHandler	HandleUpdateGuildRightsMessage	refs/dofus-server-client-2.68/server/giny/Sources/Servers/Giny.World/Handlers/Roleplay/Guilds/GuildsHandler.cs:82	oneair	2.68-docker
GuildGetPlayerApplicationMessage	6087	C2S	GuildsHandler	HandleGuildGetPlayerApplicationMessage	refs/dofus-server-client-2.68/server/giny/Sources/Servers/Giny.World/Handlers/Roleplay/Guilds/GuildsHandler.cs:96	oneair	2.68-docker
GuildRanksRequestMessage	1149	C2S	GuildsHandler	HandleGuildRanksRequestMessage	refs/dofus-server-client-2.68/server/giny/Sources/Servers/Giny.World/Handlers/Roleplay/Guilds/GuildsHandler.cs:102	oneair	2.68-docker
GuildSummaryRequestMessage	8581	C2S	GuildsHandler	HandleGuildSummaryRequestMessage	refs/dofus-server-client-2.68/server/giny/Sources/Servers/Giny.World/Handlers/Roleplay/Guilds/GuildsHandler.cs:111	oneair	2.68-docker
GuildFactsRequestMessage	531	C2S	GuildsHandler	HandleGuildFactsRequestMessage	refs/dofus-server-client-2.68/server/giny/Sources/Servers/Giny.World/Handlers/Roleplay/Guilds/GuildsHandler.cs:117	oneair	2.68-docker
GuildLogbookInformationRequestMessage	7560	C2S	GuildsHandler	HandleGuildLogbookInformationRequestMessage	refs/dofus-server-client-2.68/server/giny/Sources/Servers/Giny.World/Handlers/Roleplay/Guilds/GuildsHandler.cs:128	oneair	2.68-docker
GuildGetInformationsMessage	5890	C2S	GuildsHandler	HandleGuildGetInformationsMessage	refs/dofus-server-client-2.68/server/giny/Sources/Servers/Giny.World/Handlers/Roleplay/Guilds/GuildsHandler.cs:137	oneair	2.68-docker
GuildUpdateNoteMessage	15	C2S	GuildsHandler	HandleGuildUpdateNoteMessage	refs/dofus-server-client-2.68/server/giny/Sources/Servers/Giny.World/Handlers/Roleplay/Guilds/GuildsHandler.cs:173	oneair	2.68-docker
GuildChangeMemberParametersMessage	1999	C2S	GuildsHandler	HandleGuildChangeMemberParameters	refs/dofus-server-client-2.68/server/giny/Sources/Servers/Giny.World/Handlers/Roleplay/Guilds/GuildsHandler.cs:188	oneair	2.68-docker
GuildKickRequestMessage	4360	C2S	GuildsHandler	HandleGuildKickRequestMessage	refs/dofus-server-client-2.68/server/giny/Sources/Servers/Giny.World/Handlers/Roleplay/Guilds/GuildsHandler.cs:203	oneair	2.68-docker
GuildInvitationAnswerMessage	3470	C2S	GuildsHandler	HandleGuildInvitationAnswer	refs/dofus-server-client-2.68/server/giny/Sources/Servers/Giny.World/Handlers/Roleplay/Guilds/GuildsHandler.cs:218	oneair	2.68-docker
UpdateRecruitmentInformationMessage	7658	C2S	GuildsHandler	HandleUpdateRecruitmentInformation	refs/dofus-server-client-2.68/server/giny/Sources/Servers/Giny.World/Handlers/Roleplay/Guilds/GuildsHandler.cs:237	oneair	2.68-docker
GuildInvitationMessage	8131	C2S	GuildsHandler	HandleGuildInvitation	refs/dofus-server-client-2.68/server/giny/Sources/Servers/Giny.World/Handlers/Roleplay/Guilds/GuildsHandler.cs:244	oneair	2.68-docker
GameRolePlayFreeSoulRequestMessage	8141	C2S	HardcoreHandler	HandleGameRolePlayFreeSoulRequest	refs/dofus-server-client-2.68/server/giny/Sources/Servers/Giny.World/Handlers/Roleplay/Hardcore/HardcoreHandler.cs:14	oneair	2.68-docker
EnterHavenBagRequestMessage	4590	C2S	HeavenBagHandler	HandleEnterHavenBagRequest	refs/dofus-server-client-2.68/server/giny/Sources/Servers/Giny.World/Handlers/Roleplay/HavenBag/HavenBagHandler.cs:11	oneair	2.68-docker
ExitHavenBagRequestMessage	4256	C2S	HeavenBagHandler	HandleExitHavenBagRequest	refs/dofus-server-client-2.68/server/giny/Sources/Servers/Giny.World/Handlers/Roleplay/HavenBag/HavenBagHandler.cs:17	oneair	2.68-docker
EditHavenBagRequestMessage	474	C2S	HeavenBagHandler	HandleEditHavenBagRequest	refs/dofus-server-client-2.68/server/giny/Sources/Servers/Giny.World/Handlers/Roleplay/HavenBag/HavenBagHandler.cs:23	oneair	2.68-docker
EditHavenBagCancelRequestMessage	4669	C2S	HeavenBagHandler	HandleEditHavenBagCancelRequest	refs/dofus-server-client-2.68/server/giny/Sources/Servers/Giny.World/Handlers/Roleplay/HavenBag/HavenBagHandler.cs:29	oneair	2.68-docker
OpenHavenBagFurnitureSequenceRequestMessage	9397	C2S	HeavenBagHandler	HandleOpenHavenBagFurnitureSequenceRequest	refs/dofus-server-client-2.68/server/giny/Sources/Servers/Giny.World/Handlers/Roleplay/HavenBag/HavenBagHandler.cs:37	oneair	2.68-docker
CloseHavenBagFurnitureSequenceRequestMessage	9998	C2S	HeavenBagHandler	HandleCloseHavenBagFurnitureSequenceRequest	refs/dofus-server-client-2.68/server/giny/Sources/Servers/Giny.World/Handlers/Roleplay/HavenBag/HavenBagHandler.cs:43	oneair	2.68-docker
HavenBagFurnituresRequestMessage	1830	C2S	HeavenBagHandler	HandleHavenBagFurnituresRequest	refs/dofus-server-client-2.68/server/giny/Sources/Servers/Giny.World/Handlers/Roleplay/HavenBag/HavenBagHandler.cs:49	oneair	2.68-docker
ChangeHavenBagRoomRequestMessage	2766	C2S	HeavenBagHandler	HandleChangeHavenBagRoomRequest	refs/dofus-server-client-2.68/server/giny/Sources/Servers/Giny.World/Handlers/Roleplay/HavenBag/HavenBagHandler.cs:55	oneair	2.68-docker
ChangeThemeRequestMessage	1629	C2S	HeavenBagHandler	HandleChangeThemeRequest	refs/dofus-server-client-2.68/server/giny/Sources/Servers/Giny.World/Handlers/Roleplay/HavenBag/HavenBagHandler.cs:61	oneair	2.68-docker
ExchangeRequestMessage	2858	C2S	HeavenBagHandler	HandleExchangeRequest	refs/dofus-server-client-2.68/server/giny/Sources/Servers/Giny.World/Handlers/Roleplay/HavenBag/HavenBagHandler.cs:69	oneair	2.68-docker
HavenBagDailyLoteryMessage	4338	C2S	HeavenBagHandler	HandleHavenBagDailyLotery	refs/dofus-server-client-2.68/server/giny/Sources/Servers/Giny.World/Handlers/Roleplay/HavenBag/HavenBagHandler.cs:75	oneair	2.68-docker
ObjectUseMessage	167	C2S	InventoryHandler	HandleObjectUseMessage	refs/dofus-server-client-2.68/server/giny/Sources/Servers/Giny.World/Handlers/Roleplay/Items/InventoryHandler.cs:17	oneair	2.68-docker
ObjectSetPositionMessage	5462	C2S	InventoryHandler	HandleObjectSetPositionMessage	refs/dofus-server-client-2.68/server/giny/Sources/Servers/Giny.World/Handlers/Roleplay/Items/InventoryHandler.cs:23	oneair	2.68-docker
ObjectDeleteMessage	2859	C2S	InventoryHandler	HandleObjectDeleteMessage	refs/dofus-server-client-2.68/server/giny/Sources/Servers/Giny.World/Handlers/Roleplay/Items/InventoryHandler.cs:43	oneair	2.68-docker
LivingObjectDissociateMessage	7311	C2S	InventoryHandler	HandleLivingObjectDissociateMessage	refs/dofus-server-client-2.68/server/giny/Sources/Servers/Giny.World/Handlers/Roleplay/Items/InventoryHandler.cs:56	oneair	2.68-docker
LivingObjectChangeSkinRequestMessage	3485	C2S	InventoryHandler	HandleLivingObjectChangeSkinRequestMessage	refs/dofus-server-client-2.68/server/giny/Sources/Servers/Giny.World/Handlers/Roleplay/Items/InventoryHandler.cs:72	oneair	2.68-docker
ObjectFeedMessage	5075	C2S	InventoryHandler	HandleObjectFeedMessage	refs/dofus-server-client-2.68/server/giny/Sources/Servers/Giny.World/Handlers/Roleplay/Items/InventoryHandler.cs:87	oneair	2.68-docker
WrapperObjectDissociateRequestMessage	1058	C2S	InventoryHandler	HandleWrapperObjectDissociateRequestMessage	refs/dofus-server-client-2.68/server/giny/Sources/Servers/Giny.World/Handlers/Roleplay/Items/InventoryHandler.cs:101	oneair	2.68-docker
MimicryObjectEraseRequestMessage	2104	C2S	MimicrysHandler	HandleMimicryObjectEraseRequest	refs/dofus-server-client-2.68/server/giny/Sources/Servers/Giny.World/Handlers/Roleplay/Items/MimicrysHandler.cs:23	oneair	2.68-docker
MimicryObjectFeedAndAssociateRequestMessage	6060	C2S	MimicrysHandler	HandleMimicryObjectFeedAndAssociateRequest	refs/dofus-server-client-2.68/server/giny/Sources/Servers/Giny.World/Handlers/Roleplay/Items/MimicrysHandler.cs:42	oneair	2.68-docker
LeaveDialogRequestMessage	9511	C2S	DialogsHandler	HandleLeaveDialogRequest	refs/dofus-server-client-2.68/server/giny/Sources/Servers/Giny.World/Handlers/Roleplay/Maps/DialogsHandler.cs:15	oneair	2.68-docker
InteractiveUseRequestMessage	6295	C2S	InteractivesHandler	HandleInteractiveUse	refs/dofus-server-client-2.68/server/giny/Sources/Servers/Giny.World/Handlers/Roleplay/Maps/InteractivesHandler.cs:14	oneair	2.68-docker
FriendJoinRequestMessage	7472	C2S	MapsHandler	HandleFriendJoinRequestMessage	refs/dofus-server-client-2.68/server/giny/Sources/Servers/Giny.World/Handlers/Roleplay/Maps/MapsHandler.cs:27	oneair	2.68-docker
GameMapChangeOrientationRequestMessage	7489	C2S	MapsHandler	HandleGameMapChangeOrientation	refs/dofus-server-client-2.68/server/giny/Sources/Servers/Giny.World/Handlers/Roleplay/Maps/MapsHandler.cs:45	oneair	2.68-docker
EmotePlayRequestMessage	4677	C2S	MapsHandler	HandleEmotePlayRequestMessage	refs/dofus-server-client-2.68/server/giny/Sources/Servers/Giny.World/Handlers/Roleplay/Maps/MapsHandler.cs:47	oneair	2.68-docker
MapInformationsRequestMessage	9293	C2S	MapsHandler	HandleMapInformationsRequestMessage	refs/dofus-server-client-2.68/server/giny/Sources/Servers/Giny.World/Handlers/Roleplay/Maps/MapsHandler.cs:53	oneair	2.68-docker
GameMapMovementRequestMessage	6639	C2S	MapsHandler	HandleGameMapMovementRequestMessage	refs/dofus-server-client-2.68/server/giny/Sources/Servers/Giny.World/Handlers/Roleplay/Maps/MapsHandler.cs:85	oneair	2.68-docker
GameMapMovementConfirmMessage	302	C2S	MapsHandler	HandleMapMovementConfirm	refs/dofus-server-client-2.68/server/giny/Sources/Servers/Giny.World/Handlers/Roleplay/Maps/MapsHandler.cs:108	oneair	2.68-docker
GameMapMovementCancelMessage	8311	C2S	MapsHandler	HandleMapMovementCancel	refs/dofus-server-client-2.68/server/giny/Sources/Servers/Giny.World/Handlers/Roleplay/Maps/MapsHandler.cs:117	oneair	2.68-docker
GameRolePlayAttackMonsterRequestMessage	1998	C2S	MapsHandler	HandleGameRolePlayAttackMonsterRequest	refs/dofus-server-client-2.68/server/giny/Sources/Servers/Giny.World/Handlers/Roleplay/Maps/MapsHandler.cs:122	oneair	2.68-docker
GameRolePlayPlayerFightFriendlyAnswerMessage	5426	C2S	MapsHandler	HandleGameRolePlayPlayerFightFriendlyAnswer	refs/dofus-server-client-2.68/server/giny/Sources/Servers/Giny.World/Handlers/Roleplay/Maps/MapsHandler.cs:139	oneair	2.68-docker
GameRolePlayPlayerFightRequestMessage	1697	C2S	MapsHandler	HandleGameRolePlayPlayerFightRequest	refs/dofus-server-client-2.68/server/giny/Sources/Servers/Giny.World/Handlers/Roleplay/Maps/MapsHandler.cs:161	oneair	2.68-docker
ChangeMapMessage	7054	C2S	MapsHandler	HandleChangeMap	refs/dofus-server-client-2.68/server/giny/Sources/Servers/Giny.World/Handlers/Roleplay/Maps/MapsHandler.cs:183	oneair	2.68-docker
NpcGenericActionRequestMessage	4675	C2S	NpcsHandler	HandleNpcGenericActionRequestMessage	refs/dofus-server-client-2.68/server/giny/Sources/Servers/Giny.World/Handlers/Roleplay/Maps/Npcs/NpcsHandler.cs:19	oneair	2.68-docker
NpcDialogReplyMessage	7517	C2S	NpcsHandler	HandleNpcDialogReplyMessage	refs/dofus-server-client-2.68/server/giny/Sources/Servers/Giny.World/Handlers/Roleplay/Maps/Npcs/NpcsHandler.cs:44	oneair	2.68-docker
TeleportRequestMessage	7168	C2S	TeleporterHandler	HandleTeleportRequestMessage	refs/dofus-server-client-2.68/server/giny/Sources/Servers/Giny.World/Handlers/Roleplay/Maps/TeleporterHandler.cs:17	oneair	2.68-docker
ZaapRespawnSaveRequestMessage	153	C2S	TeleporterHandler	HandleZaapRespawnSaveRequest	refs/dofus-server-client-2.68/server/giny/Sources/Servers/Giny.World/Handlers/Roleplay/Maps/TeleporterHandler.cs:27	oneair	2.68-docker
PartyInvitationRequestMessage	7376	C2S	PartyHandler	HandlePartyInvitationRequest	refs/dofus-server-client-2.68/server/giny/Sources/Servers/Giny.World/Handlers/Roleplay/Parties/PartiesHandler.cs:16	oneair	2.68-docker
PartyInvitationDetailsRequestMessage	4130	C2S	PartyHandler	HandlePartyInvitationDetailsRequest	refs/dofus-server-client-2.68/server/giny/Sources/Servers/Giny.World/Handlers/Roleplay/Parties/PartiesHandler.cs:31	oneair	2.68-docker
PartyAcceptInvitationMessage	38	C2S	PartyHandler	HandlePartyAcceptInvitation	refs/dofus-server-client-2.68/server/giny/Sources/Servers/Giny.World/Handlers/Roleplay/Parties/PartiesHandler.cs:47	oneair	2.68-docker
PartyRefuseInvitationMessage	3324	C2S	PartyHandler	HandlePartyRefuseInvitation	refs/dofus-server-client-2.68/server/giny/Sources/Servers/Giny.World/Handlers/Roleplay/Parties/PartiesHandler.cs:60	oneair	2.68-docker
PartyCancelInvitationMessage	5476	C2S	PartyHandler	HandlePartyCancelInvitation	refs/dofus-server-client-2.68/server/giny/Sources/Servers/Giny.World/Handlers/Roleplay/Parties/PartiesHandler.cs:70	oneair	2.68-docker
PartyLeaveRequestMessage	5980	C2S	PartyHandler	HandlePartyLeaveRequest	refs/dofus-server-client-2.68/server/giny/Sources/Servers/Giny.World/Handlers/Roleplay/Parties/PartiesHandler.cs:78	oneair	2.68-docker
PartyAbdicateThroneMessage	1919	C2S	PartyHandler	HandlePartyAbdicateThrone	refs/dofus-server-client-2.68/server/giny/Sources/Servers/Giny.World/Handlers/Roleplay/Parties/PartiesHandler.cs:90	oneair	2.68-docker
PartyKickRequestMessage	6111	C2S	PartyHandler	HandlePartyKickRequest	refs/dofus-server-client-2.68/server/giny/Sources/Servers/Giny.World/Handlers/Roleplay/Parties/PartiesHandler.cs:105	oneair	2.68-docker
QuestListRequestMessage	804	C2S	QuestsHandler	HandleQuestListRequestMessage	refs/dofus-server-client-2.68/server/giny/Sources/Servers/Giny.World/Handlers/Roleplay/Quests/QuestsHandler.cs:15	oneair	2.68-docker
QuestStepInfoRequestMessage	896	C2S	QuestsHandler	HandleQuestStepInfoRequestMessage	refs/dofus-server-client-2.68/server/giny/Sources/Servers/Giny.World/Handlers/Roleplay/Quests/QuestsHandler.cs:25	oneair	2.68-docker
ShortcutBarSwapRequestMessage	9543	C2S	ShortcutsHandler	HandleShortcutBarSwap	refs/dofus-server-client-2.68/server/giny/Sources/Servers/Giny.World/Handlers/Roleplay/Shortcuts/ShortcutsHandler.cs:18	oneair	2.68-docker
ShortcutBarRemoveRequestMessage	665	C2S	ShortcutsHandler	HandleShortcutBarRemove	refs/dofus-server-client-2.68/server/giny/Sources/Servers/Giny.World/Handlers/Roleplay/Shortcuts/ShortcutsHandler.cs:25	oneair	2.68-docker
ShortcutBarAddRequestMessage	1120	C2S	ShortcutsHandler	HandleShortcutBarAdd	refs/dofus-server-client-2.68/server/giny/Sources/Servers/Giny.World/Handlers/Roleplay/Shortcuts/ShortcutsHandler.cs:32	oneair	2.68-docker
ChatClientMultiWithObjectMessage	5939	C2S	ChatHandler	HandleChatClientMultiWithObject	refs/dofus-server-client-2.68/server/giny/Sources/Servers/Giny.World/Handlers/Roleplay/Social/ChatHandler.cs:17	oneair	2.68-docker
ChatSmileyRequestMessage	7880	C2S	ChatHandler	HandleChatSmileyRequestMessage	refs/dofus-server-client-2.68/server/giny/Sources/Servers/Giny.World/Handlers/Roleplay/Social/ChatHandler.cs:23	oneair	2.68-docker
ChatClientMultiMessage	7429	C2S	ChatHandler	HandleChatMultiClient	refs/dofus-server-client-2.68/server/giny/Sources/Servers/Giny.World/Handlers/Roleplay/Social/ChatHandler.cs:28	oneair	2.68-docker
ChatClientPrivateMessage	9553	C2S	ChatHandler	ChatClientPrivate	refs/dofus-server-client-2.68/server/giny/Sources/Servers/Giny.World/Handlers/Roleplay/Social/ChatHandler.cs:35	oneair	2.68-docker
ChatClientPrivateWithObjectMessage	7469	C2S	ChatHandler	HandleChatClientPrivateWithObject	refs/dofus-server-client-2.68/server/giny/Sources/Servers/Giny.World/Handlers/Roleplay/Social/ChatHandler.cs:58	oneair	2.68-docker
AcquaintancesGetListMessage	8067	C2S	FriendsHandler	HandleAcquaintancesGetList	refs/dofus-server-client-2.68/server/giny/Sources/Servers/Giny.World/Handlers/Roleplay/Social/FriendsHandler.cs:21	oneair	2.68-docker
FriendsGetListMessage	3554	C2S	FriendsHandler	HandleFriendsGetList	refs/dofus-server-client-2.68/server/giny/Sources/Servers/Giny.World/Handlers/Roleplay/Social/FriendsHandler.cs:28	oneair	2.68-docker
IgnoredGetListMessage	9176	C2S	FriendsHandler	HandleIgnoredGetList	refs/dofus-server-client-2.68/server/giny/Sources/Servers/Giny.World/Handlers/Roleplay/Social/FriendsHandler.cs:43	oneair	2.68-docker
FriendAddRequestMessage	6143	C2S	FriendsHandler	HandleFriendAddRequest	refs/dofus-server-client-2.68/server/giny/Sources/Servers/Giny.World/Handlers/Roleplay/Social/FriendsHandler.cs:62	oneair	2.68-docker
FriendDeleteRequestMessage	7180	C2S	FriendsHandler	HandleFriendDeleteRequest	refs/dofus-server-client-2.68/server/giny/Sources/Servers/Giny.World/Handlers/Roleplay/Social/FriendsHandler.cs:77	oneair	2.68-docker
IgnoredAddRequestMessage	1284	C2S	FriendsHandler	HandleIgnoredAddRequest	refs/dofus-server-client-2.68/server/giny/Sources/Servers/Giny.World/Handlers/Roleplay/Social/FriendsHandler.cs:92	oneair	2.68-docker
IgnoredDeleteRequestMessage	9406	C2S	FriendsHandler	HandleIgnoredDeleteRequest	refs/dofus-server-client-2.68/server/giny/Sources/Servers/Giny.World/Handlers/Roleplay/Social/FriendsHandler.cs:107	oneair	2.68-docker
FriendSetWarnOnConnectionMessage	1511	C2S	FriendsHandler	HandleFriendSetWarnOnConnection	refs/dofus-server-client-2.68/server/giny/Sources/Servers/Giny.World/Handlers/Roleplay/Social/FriendsHandler.cs:122	oneair	2.68-docker
FriendSetWarnOnLevelGainMessage	7677	C2S	FriendsHandler	HandleFriendSetWarnOnLevelGain	refs/dofus-server-client-2.68/server/giny/Sources/Servers/Giny.World/Handlers/Roleplay/Social/FriendsHandler.cs:131	oneair	2.68-docker
FriendSetStatusShareMessage	4131	C2S	FriendsHandler	HandleFriendSetStatusShare	refs/dofus-server-client-2.68/server/giny/Sources/Servers/Giny.World/Handlers/Roleplay/Social/FriendsHandler.cs:140	oneair	2.68-docker
SpellVariantActivationRequestMessage	9578	C2S	SpellsHandler	HandleSpellVariantActivationRequestMessage	refs/dofus-server-client-2.68/server/giny/Sources/Servers/Giny.World/Handlers/Roleplay/Spells/SpellsHandler.cs:15	oneair	2.68-docker
ResetCharacterStatsRequestMessage	4287	C2S	StatsHandler	HandleResetCharacterStatsRequestMessage	refs/dofus-server-client-2.68/server/giny/Sources/Servers/Giny.World/Handlers/Roleplay/Stats/StatsHandler.cs:16	oneair	2.68-docker
StatsUpgradeRequestMessage	6170	C2S	StatsHandler	HandleStatsUpgradeRequestMessage	refs/dofus-server-client-2.68/server/giny/Sources/Servers/Giny.World/Handlers/Roleplay/Stats/StatsHandler.cs:21	oneair	2.68-docker
TitlesAndOrnamentsListRequestMessage	7199	C2S	TinselHandler	HandleTitlesAndOrnamentsListRequestMessage	refs/dofus-server-client-2.68/server/giny/Sources/Servers/Giny.World/Handlers/Roleplay/Tinsel/TinselHandler.cs:14	oneair	2.68-docker
OrnamentSelectRequestMessage	3742	C2S	TinselHandler	HandleOrnamentSelectRequestMessage	refs/dofus-server-client-2.68/server/giny/Sources/Servers/Giny.World/Handlers/Roleplay/Tinsel/TinselHandler.cs:19	oneair	2.68-docker
TitleSelectRequestMessage	6172	C2S	TinselHandler	HandleTitleSelectRequestMessage	refs/dofus-server-client-2.68/server/giny/Sources/Servers/Giny.World/Handlers/Roleplay/Tinsel/TinselHandler.cs:26	oneair	2.68-docker
