jeton	verdict	nom_jondo	nom_nous	provenance_v4
hhy	CIRCULAIRE	TitlesAndOrnamentsListMessage	TitlesAndOrnamentsListMessage	proposition_jondo_seule
hid	CIRCULAIRE	TitleSelectedMessage	TitleSelectedMessage	proposition_jondo_seule
hif	CIRCULAIRE	OrnamentSelectedMessage	OrnamentSelectedMessage	proposition_jondo_seule
hjc	CIRCULAIRE	TeleportRequestMessage	TeleportRequestMessage	proposition_jondo_seule
hjj	DÉSACCORD	TeleportDestinationsMessage	GuildCardEvent	structure_v2
hms	NOUVEAU_JONDO	SpellListMessage		
hmt	CIRCULAIRE	SpellVariantActivationRequestMessage	SpellVariantActivationRequestMessage	proposition_jondo_seule
hng	CIRCULAIRE	SpellVariantActivationSuccessMessage	SpellVariantActivationSuccessMessage	proposition_jondo_seule
hoy	ACCORD_INDÉPENDANT	HelloGameMessage	HelloGameMessage	capture_verifiee
irq	CIRCULAIRE	JobExperienceMultiUpdateMessage	JobExperienceMultiUpdateMessage	proposition_jondo_seule
itc	CIRCULAIRE	StorageObjectRemoveMessage	StorageObjectRemoveMessage	proposition_jondo_seule
itd	CIRCULAIRE	StorageObjectUpdateMessage	StorageObjectUpdateMessage	proposition_jondo_seule
itg	CIRCULAIRE	ShortcutBarContentMessage	ShortcutBarContentMessage	proposition_jondo_seule
itz	CIRCULAIRE	ShortcutBarAddRequestMessage	ShortcutBarAddRequestMessage	proposition_jondo_seule
iua	CIRCULAIRE	ObjectAddedMessage	ObjectAddedMessage	proposition_jondo_seule
iuk	CIRCULAIRE	ObjectSetPositionMessage	ObjectSetPositionMessage	proposition_jondo_seule
ium	CIRCULAIRE	ObjectDeletedMessage	ObjectDeletedMessage	proposition_jondo_seule
iun	CIRCULAIRE	InventoryWeightMessage	InventoryWeightMessage	proposition_jondo_seule
iuq	CIRCULAIRE	ShortcutBarReplacedMessage	ShortcutBarReplacedMessage	proposition_jondo_seule
iuw	CIRCULAIRE	ObjectDeleteMessage	ObjectDeleteMessage	proposition_jondo_seule
ivf	CIRCULAIRE	KamasUpdateMessage	KamasUpdateMessage	proposition_jondo_seule
ivk	CIRCULAIRE	ShortcutBarRefreshMessage	ShortcutBarRefreshMessage	proposition_jondo_seule
ivq	CIRCULAIRE	ObjectMovementMessage	ObjectMovementMessage	proposition_jondo_seule
ivx	CIRCULAIRE	InventoryContentMessage	InventoryContentMessage	proposition_jondo_seule
iwb	CIRCULAIRE	StorageInventoryContentMessage	StorageInventoryContentMessage	proposition_jondo_seule
iwn	CIRCULAIRE	InteractiveUsedMessage	InteractiveUsedMessage	proposition_jondo_seule
iwo	CIRCULAIRE	InteractiveUseRequestMessage	InteractiveUseRequestMessage	proposition_jondo_seule
jba	CIRCULAIRE	HavenBagEditionStoppedMessage	HavenBagEditionStoppedMessage	proposition_jondo_seule
jbg	CIRCULAIRE	HavenBagFurnituresUpdateRequestMessage	HavenBagFurnituresUpdateRequestMessage	proposition_jondo_seule
jbl	CIRCULAIRE	HavenBagThemeChangeRequestMessage	HavenBagThemeChangeRequestMessage	proposition_jondo_seule
jbm	CIRCULAIRE	HavenBagEditionStartedMessage	HavenBagEditionStartedMessage	proposition_jondo_seule
jbn	CIRCULAIRE	EnterHavenBagRequestMessage	EnterHavenBagRequestMessage	proposition_jondo_seule
jbs	CIRCULAIRE	LotteryResultMessage	LotteryResultMessage	proposition_jondo_seule
jbu	CIRCULAIRE	HavenBagFurnituresMessage	HavenBagFurnituresMessage	proposition_jondo_seule
jbv	CIRCULAIRE	HavenBagEditionStartRequestMessage	HavenBagEditionStartRequestMessage	proposition_jondo_seule
jgu	CIRCULAIRE	SpouseInformationsMessage	SpouseInformationsMessage	proposition_jondo_seule
jhh	CIRCULAIRE	GuildInformationsGeneralMessage	GuildInformationsGeneralMessage	proposition_jondo_seule
jqi	ACCORD_INDÉPENDANT	MapMovementConfirmRequest	MapMovementConfirmRequest	capture_verifiee
jqk	ACCORD_INDÉPENDANT	ChangeMapMessage	ChangeMapMessage	capture_verifiee
jrh	ACCORD_INDÉPENDANT	WorldEntryRequests	WorldEntryRequests	capture_verifiee
jru	ACCORD_INDÉPENDANT	CurrentMapMessage	CurrentMapMessage	capture_verifiee
jrw	ACCORD_INDÉPENDANT	GameMapMovementRequestMessage	GameMapMovementRequestMessage	capture_verifiee
jsd	ACCORD_INDÉPENDANT	GameContextRemoveElementMessage	GameContextRemoveElementMessage	capture_verifiee
jsj	ACCORD_INDÉPENDANT	GameMapMovementMessage	GameMapMovementMessage	capture_verifiee
jsn	ACCORD_INDÉPENDANT	GameContextRefreshEntityLookMessage	GameContextRefreshEntityLookMessage	capture_verifiee
jsq	ACCORD_INDÉPENDANT	MapMovementConfirmResponse	MapMovementConfirmResponse	capture_verifiee
jss	ACCORD_INDÉPENDANT	MapComplementaryInformationsDataMessage	MapComplementaryInformationsDataMessage	capture_verifiee
jtg	ACCORD_INDÉPENDANT	GiftsListMessage	GiftsListMessage	capture_verifiee
kci	CIRCULAIRE	ExchangeStartedStorageMessage	ExchangeStartedStorageMessage	proposition_jondo_seule
kcr	CIRCULAIRE	ExchangeObjectMoveMessage	ExchangeObjectMoveMessage	proposition_jondo_seule
khd	CIRCULAIRE	ExchangeLeaveMessage	ExchangeLeaveMessage	proposition_jondo_seule
kla	CIRCULAIRE	LeaveDialogRequestMessage	LeaveDialogRequestMessage	proposition_jondo_seule
kld	CIRCULAIRE	LeaveDialogMessage	LeaveDialogMessage	proposition_jondo_seule
kpa	CIRCULAIRE	CharactersListRequestMessage	CharactersListRequestMessage	proposition_jondo_seule
kqg	CIRCULAIRE	ContactsListMessage	ContactsListMessage	proposition_jondo_seule
kqo	CIRCULAIRE	BasicPingMessage	BasicPingMessage	proposition_jondo_seule
kqq	CIRCULAIRE	LogoutRequestMessage	LogoutRequestMessage	proposition_jondo_seule
kqr	CIRCULAIRE	LogoutResultMessage	LogoutResultMessage	proposition_jondo_seule
kqu	ACCORD_INDÉPENDANT	ServerOptionalFeaturesMessage	ServerOptionalFeaturesMessage	capture_verifiee
kqy	CIRCULAIRE	BasicPongMessage	BasicPongMessage	proposition_jondo_seule
kqz	ACCORD_INDÉPENDANT	AuthenticationTicketMessage	AuthenticationTicketMessage	capture_verifiee
kra	ACCORD_INDÉPENDANT	AuthenticationTicketAcceptedMessage	AuthenticationTicketAcceptedMessage	capture_verifiee
kti	CIRCULAIRE	ChatServerMessage	ChatServerMessage	proposition_jondo_seule
ktm	CIRCULAIRE	ChatClientMultiMessage	ChatClientMultiMessage	proposition_jondo_seule
kub	CIRCULAIRE	CharacterStatsListMessage	CharacterStatsListMessage	proposition_jondo_seule
kuh	CIRCULAIRE	StatsResetRequestMessage	StatsResetRequestMessage	proposition_jondo_seule
kum	CIRCULAIRE	StatsUpgradeRequestMessage	StatsUpgradeRequestMessage	proposition_jondo_seule
kva	ACCORD_INDÉPENDANT	CharacterSelectedSuccessMessage	CharacterSelectedSuccessMessage	capture_verifiee
kvb	CIRCULAIRE	CharacterCreationResultMessage	CharacterCreationResultMessage	proposition_jondo_seule
kvd	ACCORD_INDÉPENDANT	CharactersListEndMessage	CharactersListEndMessage	capture_verifiee
kvi	ACCORD_INDÉPENDANT	CharactersListMessage	CharactersListMessage	capture_verifiee
kvk	CIRCULAIRE	CharacterNameSuggestionSuccessMessage	CharacterNameSuggestionSuccessMessage	proposition_jondo_seule
kvl	ACCORD_INDÉPENDANT	CharacterFirstSelectionMessage	CharacterFirstSelectionMessage	capture_verifiee
kvw	ACCORD_INDÉPENDANT	CharacterSelectionMessage	CharacterSelectionMessage	capture_verifiee
kvz	CIRCULAIRE	CharacterCreationRequestMessage	CharacterCreationRequestMessage	proposition_jondo_seule
lqc	ACCORD_INDÉPENDANT	GameContextCreateRequestMessage	GameContextCreateRequestMessage	capture_verifiee
lqu	ACCORD_INDÉPENDANT	BasicTimeMessage	BasicTimeMessage	capture_verifiee
lva	ACCORD_INDÉPENDANT	MapLoadedMessage	MapLoadedMessage	capture_verifiee
lwm	CIRCULAIRE	OrnamentSelectRequestMessage	OrnamentSelectRequestMessage	proposition_jondo_seule
lwx	CIRCULAIRE	AppearanceAuraResultMessage	AppearanceAuraResultMessage	proposition_jondo_seule
lwz	CIRCULAIRE	AppearanceItemWornMessage	AppearanceItemWornMessage	proposition_jondo_seule
lxa	CIRCULAIRE	TitleSelectResultMessage	TitleSelectResultMessage	proposition_jondo_seule
lxc	CIRCULAIRE	AppearancePreviewLookMessage	AppearancePreviewLookMessage	proposition_jondo_seule
lxg	CIRCULAIRE	AppearanceSlotVisibilityRequestMessage	AppearanceSlotVisibilityRequestMessage	proposition_jondo_seule
lxh	CIRCULAIRE	NpcDialogLeaveRequestMessage	NpcDialogLeaveRequestMessage	proposition_jondo_seule
lxk	CIRCULAIRE	AppearanceSlotVisibilityResultMessage	AppearanceSlotVisibilityResultMessage	proposition_jondo_seule
lxo	CIRCULAIRE	AppearanceStateMessage	AppearanceStateMessage	proposition_jondo_seule
lxs	CIRCULAIRE	AppearanceSaveRequestMessage	AppearanceSaveRequestMessage	proposition_jondo_seule
lxw	CIRCULAIRE	AppearanceAuraRequestMessage	AppearanceAuraRequestMessage	proposition_jondo_seule
lyf	CIRCULAIRE	AppearanceSlotSetRequestMessage	AppearanceSlotSetRequestMessage	proposition_jondo_seule
lyj	NOUVEAU_JONDO	AppearanceSlotSetResultMessage		
lyk	CIRCULAIRE	AppearanceOpenRequestMessage	AppearanceOpenRequestMessage	proposition_jondo_seule
lys	CIRCULAIRE	AppearanceItemWearRequestMessage	AppearanceItemWearRequestMessage	proposition_jondo_seule
lyt	CIRCULAIRE	OutfitsListMessage	OutfitsListMessage	proposition_jondo_seule
lyu	CIRCULAIRE	AppearanceSaveResultMessage	AppearanceSaveResultMessage	proposition_jondo_seule
lyv	CIRCULAIRE	OrnamentSelectResultMessage	OrnamentSelectResultMessage	proposition_jondo_seule
lyy	CIRCULAIRE	AppearanceStateRequestMessage	AppearanceStateRequestMessage	proposition_jondo_seule
lze	CIRCULAIRE	TitleSelectRequestMessage	TitleSelectRequestMessage	proposition_jondo_seule
mgz	ACCORD_INDÉPENDANT	ContentCatalogVersionMessage	ContentCatalogVersionMessage	capture_verifiee
hdx	NOUVEAU_NOUS		ExchangeHandleMountsRequest	structure_v2
hee	NOUVEAU_NOUS		Channel	arrastre
heg	NOUVEAU_NOUS		ChatChannelMessageRequest	structure_v2
hex	NOUVEAU_NOUS		ObjectItemInventory	arrastre
hik	NOUVEAU_NOUS		CharacterBasicInformation	arrastre
hjg	NOUVEAU_NOUS		Character	arrastre
hjh	NOUVEAU_NOUS		GuildInformation	arrastre
hki	NOUVEAU_NOUS		CommandSummary	structure_v2
hkm	NOUVEAU_NOUS		MapExtendedCoordinates	arrastre
hko	NOUVEAU_NOUS		HouseGuild	structure_v2
hks	NOUVEAU_NOUS		SpellListMessage	structure_v2
hlz	NOUVEAU_NOUS		HouseOnMap	structure_v2
hmc	NOUVEAU_NOUS		HouseInstance	arrastre
hmn	NOUVEAU_NOUS		Quests	structure_v2
hmx	NOUVEAU_NOUS		TextInformationType	arrastre
hmz	NOUVEAU_NOUS		TextInformationEvent	structure_v2
hnc	NOUVEAU_NOUS		FightTeamMembersInformation	arrosage
hnx	NOUVEAU_NOUS		MapMovementRequest	structure_v2
hny	NOUVEAU_NOUS		SpellCast	arrastre
hnz	NOUVEAU_NOUS		FightSpellCastCritical	arrastre
hob	NOUVEAU_NOUS		TargetedAbility	structure_v2
hoi	NOUVEAU_NOUS		Juv>	arrastre
hoj	NOUVEAU_NOUS		EntityLook	arrastre
hol	NOUVEAU_NOUS		Outfit	structure_v2
htj	NOUVEAU_NOUS		Dictionary<int, int>	arrastre
htl	NOUVEAU_NOUS		BreachCharactersEvent	structure_v2
hts	NOUVEAU_NOUS		AllianceInformation	arrastre
htu	NOUVEAU_NOUS		TaxCollectorStaticInformation	structure_v2
hwp	NOUVEAU_NOUS		Teleporter	arrastre
hwr	NOUVEAU_NOUS		TeleportDestination	arrastre
hxd	NOUVEAU_NOUS		Anomaly	arrastre
hxm	NOUVEAU_NOUS		Humanoid	arrosage
hyr	NOUVEAU_NOUS		Teleporter	arrastre
ibg	NOUVEAU_NOUS		TeleportDestinationsEvent	structure_v2
icz	NOUVEAU_NOUS		SurrenderVoteResponse	arrosage
ifh	NOUVEAU_NOUS		PartyJoinEvent	structure_v2
ifi	NOUVEAU_NOUS		ObjectItemInventory	structure_v2
ifj	NOUVEAU_NOUS		Character	arrastre
ifp	NOUVEAU_NOUS		ObjectItem	structure_v2
ihi	NOUVEAU_NOUS		AccountTag	structure_v2
ihr	NOUVEAU_NOUS		HouseInstance	structure_v2
ihx	NOUVEAU_NOUS		HouseInstance	arrastre
ihz	NOUVEAU_NOUS		HousePropertiesEvent	structure_v2
iis	NOUVEAU_NOUS		CharacterRemodelingInformation	arrastre
ikx	NOUVEAU_NOUS		MapMovementEvent	structure_v2
imw	NOUVEAU_NOUS		JobDescription	arrastre
imy	NOUVEAU_NOUS		JobLevelUpEvent	structure_v2
ion	NOUVEAU_NOUS		ServerSettingsEvent	structure_v2
ivj	NOUVEAU_NOUS		JobCrafterDirectoryEntryEvent	arrosage
izw	NOUVEAU_NOUS		KOTHAllianceInformation	arrastre
izy	NOUVEAU_NOUS		KOTHUpdateEvent	structure_v2
jdf	NOUVEAU_NOUS		AllianceInsiderInformationEvent	arrosage
jdu	NOUVEAU_NOUS		ItemToSellInNpcShop	arrastre
jdv	NOUVEAU_NOUS		ObjectEffect	arrastre
jdx	NOUVEAU_NOUS		ItemMinimalInformation	structure_v2
jlp	NOUVEAU_NOUS		EntityTalkEvent	structure_v2
jmf	NOUVEAU_NOUS		PaddocksToSellEvent	structure_v2
joa	NOUVEAU_NOUS		EntitySpawnInformation	arrastre
jos	NOUVEAU_NOUS		FightCharacteristics	arrastre
jot	NOUVEAU_NOUS		Completion	arrastre
jov	NOUVEAU_NOUS		QuestObjective	structure_v2
jpl	NOUVEAU_NOUS		EntityLook	arrastre
jpn	NOUVEAU_NOUS		SummonContextInformation	structure_v2
jwe	NOUVEAU_NOUS		GameActionFightEvent	structure_v2
jwo	NOUVEAU_NOUS		NpcWithQuest	structure_v2
jwt	NOUVEAU_NOUS		FightTeamsWithOptions	arrastre
jwv	NOUVEAU_NOUS		FightExternalInformation	structure_v2
jxf	NOUVEAU_NOUS		ForgettableSpellPresetInfo	arrosage
jyg	NOUVEAU_NOUS		GuildGeneralInformationEvent	structure_v2
jzo	NOUVEAU_NOUS		RolePlayActor	arrosage
kam	NOUVEAU_NOUS		PaddockForSale	structure_v2
kid	NOUVEAU_NOUS		BreachReward	arrastre
kif	NOUVEAU_NOUS		ExtendedBreachBranch	structure_v2
laz	NOUVEAU_NOUS		SpellModifierActionType	arrastre
lbg	NOUVEAU_NOUS		MapCoordinates	arrastre
lbk	NOUVEAU_NOUS		AlterationExpirationType	arrastre
lef	NOUVEAU_NOUS		FightTeamMemberEntity	arrastre
len	NOUVEAU_NOUS		ServerType	arrastre
let	NOUVEAU_NOUS		InteractiveElementSkill	arrastre
lev	NOUVEAU_NOUS		InteractiveElement	structure_v2
lgp	NOUVEAU_NOUS		Dictionary<string, string>	arrastre
lgz	NOUVEAU_NOUS		ChatChannelsEnabledEvent	structure_v2
lhg	NOUVEAU_NOUS		ObjectsEntry	arrastre
lli	NOUVEAU_NOUS		HouseInstance	arrastre
lln	NOUVEAU_NOUS		SpellModifierType	arrastre
llp	NOUVEAU_NOUS		SpellModifier	structure_v2
lng	NOUVEAU_NOUS		HumanOption	structure_v2
lns	NOUVEAU_NOUS		FightTeamMemberInformation	structure_v2
lpg	NOUVEAU_NOUS		Channel	arrastre
lpk	NOUVEAU_NOUS		Alteration	structure_v2
lpo	NOUVEAU_NOUS		ChallengeTarget	structure_v2
lpr	NOUVEAU_NOUS		FightCharacteristics	arrastre
lpx	NOUVEAU_NOUS		FightFighterInformation	structure_v2
lsy	NOUVEAU_NOUS		ArenaPlayerBehavioursEvent	structure_v2
lya	NOUVEAU_NOUS		AppearanceSlotSetResultMessage	structure_v2
maw	NOUVEAU_NOUS		ChallengeState	arrastre
maz	NOUVEAU_NOUS		Challenge	structure_v2
mhh	NOUVEAU_NOUS		LoginMessage	structure_v2
mhs	NOUVEAU_NOUS		Rights	structure_v2
mhw	NOUVEAU_NOUS		ForceAccountRequest	structure_v2
mio	NOUVEAU_NOUS		MaxSlotByTypeEntry	arrastre
miq	NOUVEAU_NOUS		ServerList	structure_v2
mir	NOUVEAU_NOUS		Accessibility	arrastre
mit	NOUVEAU_NOUS		ServerInformation	structure_v2
miu	NOUVEAU_NOUS		Status	arrastre
miw	NOUVEAU_NOUS		Server	structure_v2
miz	NOUVEAU_NOUS		ForceAccountResponse	structure_v2
mja	NOUVEAU_NOUS		ForceAccountStatus	structure_v2
mje	NOUVEAU_NOUS		CharacterStatus	arrastre
mjg	NOUVEAU_NOUS		CharacterInformation	structure_v2
mjx	NOUVEAU_NOUS		Friend	structure_v2
