message_obf	typedef_index	score	indices_directs	porteurs_specifiques	porteurs_trahis	noms_fuites_des_porteurs	mot_protocole	nom_propose	fuite_source	mots_communs	candidats_exaequo
hdw	9444	3		hea	hea					0	0
hdx	9446	6		fnd,hea	fnd,hea	ApplySolution				0	0
hdy	9448	4		hea	hcf,hea					0	0
hea	9451	7		gjq,gjv	gjo,gjq,gjv					0	0
hed	9455	3		hfl	hfl					0	0
heg	9459	3		hei	hei					0	0
heh	9461	4		hfl	fqb,hfl					0	0
hek	9466	4		eno	eno,hex					0	0
hem	9469	1			hex					0	0
hen	9471	1			hex					0	0
heo	9473	2			gym,hex					0	0
heq	9476	1			hex					0	0
her	9478	1			hex					0	0
het	9481	3			fsd,hex,hv					0	0
hev	9484	1			hex					0	0
hex	9487	4		heg	evi,heg					0	0
hfa	9491	3		hfd	hfd					0	0
hfb	9493	4		hfd	fsw,hfd					0	0
hfe	9498	1			fmc					0	0
hff	9500	3		hfh	hfh					0	0
hfh	9503	4		hfl	fyb,hfl					0	0
hfj	9507	3		hfl	hfl					0	0
hfl	9510	5		hfd	etu,fmc,hfd					0	0
hfp	9516	3		hfr	hfr					0	0
hfs	9521	1			ekz					0	0
hft	9523	6		epw,hfv	epw,hfv	FollowObjective,UnfollowObjective				0	0
hfv	9526	2			epj,fyb					0	0
hfw	9528	1			eui					0	0
hga	9536	1			hv					0	0
hgb	9538	3		hfl	hfl					0	0
hgc	9540	3		hfe	hfe					0	0
hgg	9545	1			dyx					0	0
hgp	9558	1			hhf					0	0
hgq	9560	2			ffr,hhf					0	0
hgr	9562	1			hhf					0	0
hgu	9566	2			eap,hhf					0	0
hgv	9568	1			hhf					0	0
hgx	9571	5		he	fqu,he,hhf					0	0
hha	9575	4		he	he,hhf					0	0
hhd	9579	2			dys,hhf					0	0
hhf	9582	4		he	fmc,he					0	0
hhl	9592	3		hhn	hhn					0	0
hhn	9595	1			fgr					0	0
hhv	9607	1			gnk					0	0
hhy	9611	3		eno	eno					0	0
hhz	9613	2			fts,xd					0	0
hic	9617	1			ekb					0	0
hid	9619	2			fqu,gsg					0	0
hie	9621	1			eui					0	0
hif	9623	2			fqu,sn					0	0
hih	9627	2			frx,qo					0	0
hii	9629	1			fnk					0	0
hil	9633	1			zb					0	0
him	9635	1			eui					0	0
hin	9637	3			eon,fgv,fmc					0	0
hip	9641	1			eui					0	0
hir	9645	3		iv	iv					0	0
hiw	9655	2			egv,eon					0	0
hix	9657	5		fjk	epd,fjk,fqb	Refresh				0	0
hiy	9659	4		hja	ftn,hja					0	0
hja	9662	2			flc,fpm					0	0
hje	9669	6		enx,hjg	enx,hjg					0	0
hjg	9672	7		enx,hjj	enx,hjj,me					0	0
hjh	9674	3		hjj	hjj					0	0
hjk	9679	3		ko	ko					0	0
hjp	9686	4		hkx	fqu,hkx					0	0
hjq	9688	1			fgv					0	0
hjr	9690	7		fpf,hjt	etu,fpf,hjt					0	0
hjt	9693	2			eqq,fgv					0	0
hju	9695	4		hjw	eoy,hjw					0	0
hjw	9698	2			fgv,fpm					0	0
hjy	9702	6		ftv	ehz,ftv,gym,xd					0	0
hjz	9704	3		hkb	hkb					0	0
hkb	9707	1			fgv					0	0
hkc	9709	2			fmz,fpm					0	0
hkd	9711	1			fgv					0	0
hke	9713	4		esy	ekz,esy	IsVisibleFromAsync				0	0
hkf	9715	5		hkh	eng,eps,hkh					0	0
hkh	9718	2			ffr,fgv					0	0
hki	9720	1			fgv					0	0
hkm	9726	3		hko	hko					0	0
hks	9735	1			fgv					0	0
hkt	9737	2			fxw,gnk					0	0
hkx	9743	3			fgv,fqb,fvl					0	0
hla	9747	1			fgv					0	0
hlb	9749	1			fgv					0	0
hlc	9751	3			fgv,fxw,gnk					0	0
hld	9753	1			fgv					0	0
hlh	9759	2			fgv,fhr					0	0
hlm	9766	6	eqq:RefreshTagsWhenContentReceived		eqq,fmz,fxw	RefreshTagsWhenContentReceived		TagStoragesRefreshEvent	RefreshTagsWhenContentReceived	2	1
hln	9768	5		hlp	gzm,hlp,zb					0	0
hlp	9771	2			ekz,eqq					0	0
hlr	9775	1			eqq					0	0
hls	9777	11		ffm,hma,hme	ffm,fsm,ftc,hma,hme	UpdateMemberListLoop				0	0
hlv	9781	2			eqq,fqu					0	0
hlw	9783	4		hma	fwy,hma					0	0
hlx	9785	1			fwy					0	0
hly	9787	2			eqq,fmz					0	0
hma	9791	3		hlm	hlm					0	0
hmb	9793	1			dyx					0	0
hmc	9795	10		esy,hlz,hmb	esy,fts,hlz,hmb	IsVisibleFromAsync				0	0
hmd	9797	4		gvh	eqq,gvh					0	0
hmh	9803	1			eqq					0	0
hmi	9805	2			eqq,fts					0	0
hmj	9807	2			eon,ftn					0	0
hml	9811	1			fmc					0	0
hmn	9814	4		ebu	ebu,euu	DoCurrentMapEvent	Map	MapCurrentEvent	DoCurrentMapEvent	3	2
hmo	9816	3		kx	kx					0	0
hmp	9818	1			yc					0	0
hmq	9820	3		fhl	fhl	SendRequestAfterCharacterLoaded	Character	CharacterAppearancesRequest	SendRequestAfterCharacterLoaded	2	2
hms	9823	1			fhw					0	0
hmw	9829	4		hms	ftc,hms					0	0
hmz	9833	1			fpm					0	0
hnc	9837	1			fpm					0	0
hnd	9839	2			etu,fke					0	0
hng	9843	4			fhw,fqh,fsd,hv					0	0
hnk	9849	1			fke					0	0
hns	9860	1			ern					0	0
hnt	9862	2			ern,fqb					0	0
hnv	9866	5		ebh	ebh,eui,gnk	AskAccessToken,CheckApiKeyValidity,RefreshKey				0	0
hnw	9868	3		fpt	fpt					0	0
hnz	9873	4		hob	epj,hob					0	0
hoc	9878	1			ern					0	0
hof	9883	4		hoh	gmv,hoh					0	0
hoj	9889	4		hol	etu,hol					0	0
hol	9892	3			etu,fgv,so					0	0
hon	9896	4		ng	fwy,ng					0	0
hop	9899	3		hor	hor					0	0
hos	9904	3		ehb	ehb	GenerateSprite,LoadEntity	Entity			0	0
hot	9906	1			eui					0	0
hou	9908	1			ffr					0	0
hov	9910	2			eoy,etu					0	0
hoy	9915	1			eoo					0	0
hpc	9921	1			fgv					0	0
hpd	9923	1			sn					0	0
hpf	9926	4			dyx,eui,fvl,fwy					0	0
hph	9929	1			fwy					0	0
hpo	9941	1			eon					0	0
hpp	9943	1			ern					0	0
hpr	9947	1			fsm					0	0
hps	9949	1			epd					0	0
hpt	9951	1			epd					0	0
hpu	9953	1			eps					0	0
hpv	9955	1			epd					0	0
hpy	9959	1			fwy					0	0
hqb	9965	1			epd					0	0
hqc	9967	2			epd,eqq					0	0
hqr	9987	4		hqu	fsm,hqu					0	0
hqs	9989	3		hqu	hqu					0	0
hqu	9992	22		hql,hsm,hsu,hta,hty,huz,mk	fhr,hql,hsm,hsu,hta,hty,huz,mk					0	0
hqv	9994	1			fmc					0	0
hqw	9996	1			fvl					0	0
hra	10002	4		hrc	ekb,hrc					0	0
hrf	10009	4		hrh	frx,hrh					0	0
hrj	10015	3		hrl	hrl					0	0
hrl	10018	3		zi	zi	Migrate,PreInit				0	0
hro	10022	1			hrz					0	0
hrq	10025	1			hrz					0	0
hrr	10027	2			etu,hrz					0	0
hrt	10030	1			hrz					0	0
hru	10032	1			hrz					0	0
hrx	10036	2			fzy,hrz					0	0
hsa	10041	1			gym					0	0
hsb	10043	1			fsm					0	0
hsc	10045	3		hse	hse					0	0
hse	10048	1			fwy					0	0
hsk	10056	4		hsm	fnk,hsm					0	0
hsn	10061	1			fhw					0	0
hss	10067	5		hsu	fxw,hsu,vz					0	0
hsw	10074	3		hsy	hsy					0	0
hsz	10079	1			epd					0	0
hta	10081	10		hql,hrc,hua	dys,hql,hrc,hua					0	0
htd	10085	5		htf	eui,fwy,htf					0	0
hti	10092	3			eqq,ftn,fud					0	0
hto	10100	3		htr	htr					0	0
htp	10102	3		htr	htr					0	0
htw	10112	3		hty	hty					0	0
htz	10117	10		hta,htf,hum	gym,hta,htf,hum					0	0
huc	10123	3		hue	hue					0	0
hue	10126	2			ern,fmc					0	0
huh	10130	1			ba					0	0
huk	10134	5		hum	ftn,hum,me					0	0
hum	10137	1			fsm					0	0
hup	10142	3		hur	hur					0	0
hur	10145	1			eps					0	0
hux	10155	6		huz	eqq,euu,fiw,huz					0	0
huz	10158	1			egv					0	0
hvf	10165	5		hvk	ekz,fwy,hvk					0	0
hvi	10169	4		hvk	fys,hvk					0	0
hvk	10172	3		fyv	fyv					0	0
hvn	10176	1			fmv					0	0
hvx	10190	1			me					0	0
hwb	10196	1			hba					0	0
hwf	10202	2			eui,fwy					0	0
hwg	10204	1			fsd					0	0
hwk	10210	1			fpm					0	0
hwl	10212	10		iai,ice,icl	eui,iai,ice,icl					0	0
hwp	10218	4		hwr	eqq,hwr					0	0
hwr	10221	12		hwl,hyx,iak,ibg	hwl,hyx,iak,ibg					0	0
hwv	10227	1			fqu					0	0
hwx	10230	3		hxd	hxd					0	0
hwz	10233	4		hxd	fvl,hxd					0	0
hxb	10236	3		hxd	hxd					0	0
hxd	10239	7		hwr,hxt	hwr,hxt,icz					0	0
hxe	10241	1			hxm					0	0
hxg	10244	1			hxm					0	0
hxi	10247	1			hxm					0	0
hxj	10249	1			hxm					0	0
hxk	10251	1			hxm					0	0
hxp	10258	3		hxt	hxt					0	0
hxq	10260	4		hxt	gzm,hxt					0	0
hxr	10262	5		hxt	ekb,eqq,hxt					0	0
hxt	10265	1			xd					0	0
hxu	10267	3		fnd	fnd	ApplySolution				0	0
hxx	10271	3			ehz,etu,gsg					0	0
hya	10275	3		hg	hg					0	0
hyc	10279	1			gax					0	0
hyg	10284	1			fmc					0	0
hyj	10288	1			frh					0	0
hyk	10290	3		hym	hym					0	0
hyp	10297	6		fhl,hyr	fhl,hyr	SendRequestAfterCharacterLoaded	Character	CharacterAppearancesRequest	SendRequestAfterCharacterLoaded	2	2
hyr	10300	15		edb,hwl,hyx,iak,ibg	edb,hwl,hyx,iak,ibg	Init				0	0
hys	10302	12		hxd,ibg,ibj,ibo	hxd,ibg,ibj,ibo					0	0
hyt	10304	1			ffr					0	0
hyw	10308	3		mt	mt					0	0
hyx	10310	11		iai,ice,icl	eqq,eui,iai,ice,icl					0	0
hyz	10313	3		hzb	hzb					0	0
hzb	10316	3		fsf	fsf					0	0
hzi	10328	3		tq	tq	Add				0	0
hzj	10330	3		ibs	ibs					0	0
hzk	10332	1			fqu					0	0
hzp	10340	9		hwh,hwu,hzo	hwh,hwu,hzo					0	0
hzr	10344	12		hwh,hwu,hzo,hzp	hwh,hwu,hzo,hzp					0	0
hzw	10351	3		hzr	hzr					0	0
hzx	10353	10		hzr,ibo,icl	hxm,hzr,ibo,icl					0	0
iaa	10358	3		iac	iac					0	0
iai	10370	2			etu,fts					0	0
iak	10374	7		iai,ice	hxm,iai,ice					0	0
iam	10377	7		fzg,iau	fiw,fzg,iau					0	0
ian	10379	3		iau	iau					0	0
iap	10382	3		iau	iau					0	0
iaq	10384	3		iau	iau					0	0
ias	10387	8		fpn,iau	flc,fpn,fyb,iau	GetTextAsync,LoadExternalConfiguration,PostForm				0	0
iau	10390	7		hzg,ibj	fzy,hzg,ibj					0	0
iay	10396	1			fwy					0	0
iaz	10398	1			eui					0	0
ibc	10402	1			ffr					0	0
ibf	10406	3			ejv,fts,fud					0	0
ibg	10408	13		hya,iai,ice,icl	eqq,hya,iai,ice,icl					0	0
ibh	10410	3		ibj	ibj					0	0
ibj	10413	9		hvt,ibv,icj	hvt,ibv,icj					0	0
ibo	10421	1			eqq					0	0
ibp	10423	3		ibr	ibr					0	0
ibz	10438	2			frh,gsg					0	0
icc	10442	3		ice	ice					0	0
ice	10445	2			fob,fxw					0	0
ich	10449	3		icj	icj					0	0
icj	10452	1			fqh					0	0
icl	10455	7		hzb,hzy	hxm,hzb,hzy					0	0
icp	10462	1			icz					0	0
icq	10464	1			icz					0	0
icr	10466	1			icz					0	0
icu	10470	2			eui,icz					0	0
icx	10474	2			fsd,icz					0	0
ide	10484	1			fvl					0	0
idm	10496	1			flc					0	0
ido	10499	2			eor,gym					0	0
idp	10501	3		idr	idr					0	0
idr	10504	3			eps,eui,fmc					0	0
idu	10508	4	eps:UpdateQuestWhenSubAreaLoaded		eps	UpdateQuestWhenSubAreaLoaded	Quest			0	0
idz	10516	2			eps,gnk					0	0
iea	10518	1			eps					0	0
ieb	10520	1			eps					0	0
ied	10524	1			eps					0	0
ief	10528	5		gjn	eps,eqq,gjn					0	0
ieg	10530	1			eps					0	0
ieh	10532	7		ieg,iei	fnk,ieg,iei					0	0
iei	10534	3		ier	ier					0	0
iej	10536	1			eps					0	0
iek	10538	1			hl					0	0
iel	10540	1			eps					0	0
ieo	10544	1			fwy					0	0
iep	10546	4		ier	fts,ier					0	0
ier	10549	12		elv,idr,idu,iel	elv,idr,idu,iel	DEBUG_LocalizedSounds,DoLoadBank,DoLoadBankWithGuid,GenerateMapSpatializationAsync,Init,Initialize,InitializeAudioManager,PlayMenuWhenDoneInit,PlaySound,PlaySoundEventInstance	Map	MapCurrentInstanceEvent	PlaySoundEventInstance	2	1
iev	10554	3			fgv,fwy,yc					0	0
iew	10556	1			fgv					0	0
iex	10558	1			fgv					0	0
iez	10562	4		fmo	fmo,fob	Timer				0	0
ifa	10564	1			fgv					0	0
ifb	10566	3		ifd	ifd					0	0
ifd	10569	2			etu,fqh					0	0
ife	10571	1			fgv					0	0
ifh	10576	19		ihb,ihh,iht,iil,iix,lw	eqq,ihb,ihh,iht,iil,iix,lw					0	0
ifi	10578	1			ffr					0	0
ifj	10580	4		ifh	ftc,ifh					0	0
ifl	10583	3		ifp	ifp					0	0
ifm	10585	3		ifp	ifp					0	0
ifn	10587	7		fro,ifp	fro,ifp,vz					0	0
ifp	10590	12		ifi,igp,iih,iiz	ifi,igp,iih,iiz					0	0
ifr	10593	6		hdj,ify	hdj,ify	CreateParticleSystem,CreateParticles,GetParticlesTexture				0	0
ifs	10595	3		ify	ify					0	0
ifu	10598	5		ify	ehz,ftn,ify					0	0
ifv	10600	3		ify	ify					0	0
ifw	10602	3		ify	ify					0	0
ify	10605	2			fwy,gsg					0	0
ifz	10607	1			eqq					0	0
igc	10611	2			eqq,fmv					0	0
igf	10615	4		eov	eov,fgr	ManageSkillClickedWhenAvailable,UpdateStatedElement	Element			0	0
igi	10619	4		igk	epj,igk					0	0
igk	10622	3			eqq,gmv,qo					0	0
igl	10624	5		ign	fzy,gmv,ign					0	0
ign	10627	2			eqq,eui					0	0
igs	10635	15		cgy,chi,ihr,ihu,iic	cgy,chi,ihr,ihu,iic					0	0
igv	10639	2			eqq,etu					0	0
igy	10643	1			euu					0	0
igz	10645	1			xd					0	0
iha	10647	1			fiw					0	0
ihb	10649	5	eqq:PresetListEventWhenCharacterInfo		ekz,eqq	PresetListEventWhenCharacterInfo	Character	CharacterPresetInfoResponse	PresetListEventWhenCharacterInfo	3	1
ihc	10651	1			eqq					0	0
ihf	10655	1			flc					0	0
ihi	10661	9		ifh,igy,ihr	ifh,igy,ihr					0	0
ihm	10666	3		ihq	ihq					0	0
iho	10669	3		ihq	ihq					0	0
ihq	10672	2			eqq,etu					0	0
ihr	10674	21		eov,ifz,igk,ign,ihb,ihz,iie	eov,ifz,igk,ign,ihb,ihz,iie	ManageSkillClickedWhenAvailable,UpdateStatedElement	Element			0	0
ihu	10680	1			eqq					0	0
ihv	10682	2			eqq,fgv					0	0
ihw	10684	3			eng,fmc,fvl					0	0
ihz	10688	1			eqq					0	0
iia	10690	3		iic	iic					0	0
iic	10693	2			eqq,hv					0	0
iid	10695	1			frh					0	0
iie	10697	1			eqq					0	0
iif	10699	4		iih	fhr,iih					0	0
iih	10702	1			dyx					0	0
iij	10705	3		iil	iil					0	0
iil	10708	1			yc					0	0
iim	10710	2			eqq,eui					0	0
iin	10712	4		gaf	gaf,gmv					0	0
iio	10714	1			fsm					0	0
iir	10718	1			eqq					0	0
iis	10720	6		ifj,ihi	ifj,ihi					0	0
iiv	10724	3		iix	iix					0	0
iiy	10729	4		epw	epw,fmc	FollowObjective,UnfollowObjective				0	0
iiz	10731	1			fob					0	0
ija	10733	5		ia	eqq,fjw,ia					0	0
ijd	10737	1			eqq					0	0
ijg	10742	1			fmc					0	0
ijk	10748	1			fhr					0	0
ijl	10750	1			ftc					0	0
ijq	10758	4	fhr:ManageFightPings		fhr	ManageFightPings	Fight	FightPingCellRemoveRequest	ManageFightPings	2	2
ike	10779	1			fgr					0	0
ikj	10787	5		esw	esw,etu,fxw					0	0
ikn	10793	6		fzj,gtm	fzj,gtm	AddProjectileExitAnimationSteps,Process				0	0
iks	10801	1			eqq					0	0
iku	10805	2			etu,fgr					0	0
ikv	10807	2			fwy,fxw					0	0
ikw	10809	2			eoi,fgr					0	0
ikx	10811	2			fgv,fyb					0	0
iky	10813	3		ila	ila					0	0
ilb	10818	1			flc					0	0
ild	10822	3		ilf	ilf					0	0
ilg	10827	10		ilb,imf,ing	evi,ilb,imf,ing					0	0
ili	10831	1			eui					0	0
ilj	10833	1			fvl					0	0
ilo	10840	1			fhr					0	0
ilr	10844	2			eui,yc					0	0
ils	10846	1			fqh					0	0
imf	10866	1			gmv					0	0
imi	10870	1			eng					0	0
imj	10872	2			fjw,fnk					0	0
imn	10878	1			eui					0	0
imp	10882	3		pv	pv					0	0
imu	10890	1			fke					0	0
inb	10900	1			eui					0	0
ine	10906	3		ing	ing					0	0
ing	10909	4			etu,eui,fgr,fgv					0	0
inn	10919	1			fmc					0	0
inq	10925	1			fpm					0	0
inv	10932	6	ern:OnPlayEmoteOnNpcEventAsync		eqq,ern,zb	OnPlayEmoteOnNpcEventAsync	Npc	EmotePlayEvent	OnPlayEmoteOnNpcEventAsync	3	1
inx	10936	5		fyv	dyx,fqw,fyv					0	0
iny	10938	4	ern:OnPlayAnimationOnNpcEventAsync		ern	OnPlayAnimationOnNpcEventAsync	Npc	EmotePlayEvent	OnPlayAnimationOnNpcEventAsync	2	2
ioa	10941	3		ioc	ioc					0	0
ioc	10944	5	epd:NpcDialogCreationWhenAvailable		epd,frh	NpcDialogCreationWhenAvailable	Npc	NpcDialogCreationEvent	NpcDialogCreationWhenAvailable	3	1
iof	10948	1			epd					0	0
iog	10950	3		iom	iom					0	0
ioi	10953	3		iom	iom					0	0
iok	10956	3		iom	iom					0	0
iom	10959	2			ehl,epd					0	0
ion	10961	2			fqb,fsw					0	0
ioo	10963	6		fyo,ios	fyo,ios					0	0
ioq	10966	4		ios	ffr,ios					0	0
ios	10969	1			fsw					0	0
iot	10971	2			fgv,fsw					0	0
iou	10973	1			flc					0	0
ioy	10979	1			me					0	0
ipc	10986	1			fpm					0	0
ipd	10988	1			fud					0	0
ipk	10999	3		ns	ns					0	0
ipo	11005	1			fqw					0	0
ipq	11009	4		pv	eor,pv					0	0
ipt	11014	4		ipv	hba,ipv					0	0
ipx	11021	12		iqb,iqn,iqx,ird	iqb,iqn,iqx,ird					0	0
iqa	11026	1			fxw					0	0
iqb	11028	9		iqc,iqg,iqh	iqc,iqg,iqh					0	0
iqc	11030	2			flc,gax					0	0
iqd	11032	1			fgr					0	0
iqg	11036	2			ehl,ekb					0	0
iqh	11038	1			gax					0	0
iqj	11041	1			eui					0	0
iqk	11043	1			frh					0	0
iqn	11049	9		iqj,iqm,iqr	iqj,iqm,iqr					0	0
iqx	11066	10		iqt,iqv,iqw	eqq,iqt,iqv,iqw					0	0
irb	11073	2			fgr,fvl					0	0
ird	11077	9		irc,irh,iri	irc,irh,iri					0	0
irg	11081	1			dyx					0	0
irh	11083	3		fyd	fyd	CheckCameraRatio				0	0
iri	11085	1			eui					0	0
irj	11087	1			fnk					0	0
irm	11092	3		iro	iro					0	0
irp	11097	3		ist	ist					0	0
irq	11099	1			fgv					0	0
irs	11102	5		isa	fgv,fvl,isa					0	0
irt	11104	3		isa	isa					0	0
irv	11107	4		isa	isa,vz					0	0
irw	11109	3		isa	isa					0	0
iry	11112	3		isa	isa					0	0
isa	11115	1			fvl					0	0
ise	11121	7		gtv,irq	fqb,gtv,irq	Main				0	0
isi	11127	9		ebi,fih,ist	ebi,fih,ist	Init				0	0
isj	11129	3		isn	isn					0	0
isl	11132	4		isn	ehz,isn					0	0
isn	11135	2			epd,fts					0	0
isq	11139	1			yc					0	0
isr	11141	2			ern,fqb					0	0
iss	11143	1			ejv					0	0
ist	11145	9		isf,isv,ll	isf,isv,ll					0	0
isu	11147	6		irl,isd	irl,isd					0	0
isv	11149	3		eno	eno					0	0
isw	11151	1			fqb					0	0
isx	11153	4		isz	egv,isz					0	0
ite	11164	6	ehl:WaitForDroppingObjects		ecv,ehl,fwy	WaitForDroppingObjects				0	0
itf	11166	2			eqq,evi					0	0
itg	11168	2			eqq,fiw					0	0
ith	11170	3		itj	itj					0	0
itj	11173	1			fhr					0	0
itk	11175	1			eqq					0	0
itl	11177	4	ehl:WaitForAddingObject		ehl	WaitForAddingObject				0	0
itn	11181	2			epd,gym					0	0
ito	11183	4		ivl	fob,ivl					0	0
itq	11187	4		gsz	eqq,gsz	GeneratePortalExitsStep,GenerateStep,ToProjectilePortalExitStep,ToProjectileSequencer				0	0
its	11191	3		itu	itu					0	0
itu	11194	1			eqq					0	0
itv	11196	1			eqq					0	0
itx	11200	3		itz	itz					0	0
iua	11205	3			eps,eqq,hl					0	0
iub	11207	4		fif	fhr,fif	CleanUpCursorsAsync				0	0
iuc	11209	6		ffm,iue	ffm,iue	UpdateMemberListLoop				0	0
iue	11212	1			flc					0	0
iuf	11214	1			fwy					0	0
iug	11216	6		iuj	ekz,fmc,fyb,iuj					0	0
iuj	11219	2			eqq,fwy					0	0
iuk	11221	1			fts					0	0
iul	11223	3		ebu	ebu	DoCurrentMapEvent	Map	MapCurrentEvent	DoCurrentMapEvent	3	2
ium	11225	1			eqq					0	0
iun	11227	1			eqq					0	0
iuq	11231	2			eqq,fhw					0	0
iur	11233	1			eoy					0	0
ius	11235	4		iuu	gax,iuu					0	0
iuv	11240	3		ug	ug	GetTileMeshAndTexture				0	0
iux	11244	3			ehl,eui,euu					0	0
iuz	11248	1			fsm					0	0
ivc	11252	3		ive	ive					0	0
ivf	11257	1			eqq					0	0
ivg	11259	4		ivi	ivi,yc					0	0
ivi	11262	4		elx	elx,me	HourLoopUpdate				0	0
ivj	11264	3			eqq,fiw,fvl					0	0
ivk	11266	4			eqq,fhr,fhw,fmc					0	0
ivl	11268	4		glo	eqq,glo	PrepareProcessEnqueued,SendNetworkMessageToClient				0	0
ivm	11270	4		ivo	ivo,qo					0	0
ivo	11273	3			eqq,fvl,so					0	0
ivp	11275	2			fiw,gmv					0	0
ivq	11277	2			eqq,frh					0	0
ivr	11279	5		ftv	eqq,fhw,ftv					0	0
ivs	11281	3		fif	fif	CleanUpCursorsAsync				0	0
ivt	11283	1			ehl					0	0
ivv	11287	3		ivx	ivx					0	0
ivx	11290	2			eqq,gsg					0	0
ivy	11292	5		iwa	eqq,ffr,iwa					0	0
iwc	11299	2			epd,fts					0	0
iwd	11301	1			etu					0	0
iwf	11304	1			eor					0	0
iwg	11306	3		iwi	iwi					0	0
iwi	11309	2			eon,eor					0	0
iwj	11311	1			eor					0	0
iwm	11315	1			eor					0	0
iwn	11317	2			eon,eor					0	0
iwp	11321	4			eor,ffr,fgv,fon					0	0
iwq	11323	2			eon,eor					0	0
iww	11331	4		iyw	iyw,izg					0	0
ixc	11339	3		ixf	ixf					0	0
ixd	11341	3		ixf	ixf					0	0
ixf	11344	3		gjm	gjm	ConnectAsync,DisconnectAsync				0	0
ixh	11348	4		ixj	eui,ixj					0	0
ixj	11351	2			iya,izg					0	0
ixk	11353	1			fgr					0	0
ixl	11355	5		bxy	bxy,frx,fsd					0	0
ixn	11359	1			ehl					0	0
ixq	11363	1			euu					0	0
ixw	11371	2			fwy,iya					0	0
ixx	11373	2			fon,iya					0	0
ixy	11375	2			fmc,iya					0	0
iyd	11384	1			ekz					0	0
iyh	11389	6		ecq,iyj	ecq,iyj					0	0
iyk	11394	4		iym	fvl,iym					0	0
iyr	11403	4		iyw	epj,iyw					0	0
iyu	11407	4		iyw	dys,iyw					0	0
iyw	11410	8		gjv,iyj	gjv,iya,iyj,izg					0	0
izb	11417	2			fob,izg					0	0
izd	11420	4		eqz	eqz,izg	AddClickListener				0	0
ize	11422	1			izg					0	0
izh	11427	1			fmc					0	0
izi	11429	8		iww,iyj	iww,iya,iyj,izg					0	0
izk	11433	4		izo	etu,izo					0	0
izm	11436	6		elv,izo	elv,izo	DEBUG_LocalizedSounds,DoLoadBank,DoLoadBankWithGuid,GenerateMapSpatializationAsync,Init,Initialize,InitializeAudioManager,PlayMenuWhenDoneInit,PlaySound,PlaySoundEventInstance	Map	MapCurrentInstanceEvent	PlaySoundEventInstance	2	1
izo	11439	2			flc,hba					0	0
izs	11446	3		izu	izu					0	0
izu	11449	1			gjo					0	0
izv	11451	2			fqh,fud					0	0
izw	11453	3		izy	izy					0	0
izy	11456	1			frh					0	0
izz	11458	2			ehl,gzm					0	0
jaa	11460	3		ebh	ebh	AskAccessToken,CheckApiKeyValidity,RefreshKey				0	0
jab	11462	1			fke					0	0
jae	11468	1			fgr					0	0
jag	11471	3		jai	jai					0	0
jai	11474	1			eng					0	0
jaj	11476	1			dyx					0	0
jak	11478	1			fsd					0	0
jan	11484	2			eui,fmz					0	0
jar	11491	6		jbg,jbu	jbg,jbu					0	0
jau	11497	1			eui					0	0
jaw	11501	1			ftn					0	0
jax	11503	2			fpm,fqu					0	0
jaz	11507	1			erd					0	0
jba	11509	2			erd,gax					0	0
jbd	11514	6		jbf	euu,gmv,jbf,zb					0	0
jbf	11517	1			ekb					0	0
jbl	11527	1			eps					0	0
jbm	11529	1			erd					0	0
jbn	11531	5		fzg	fgr,fmc,fzg					0	0
jbq	11536	3		jbs	jbs					0	0
jbs	11539	1			erd					0	0
jbu	11543	4	erd:OnWaitHavenBagFurnituresEvent		erd	OnWaitHavenBagFurnituresEvent		HavenBagFurnitureOpenRequest	OnWaitHavenBagFurnituresEvent	3	1
jbx	11548	2			dyx,xd					0	0
jci	11565	1			eoy					0	0
jcl	11570	4		jcn	ern,jcn					0	0
jcn	11573	1			so					0	0
jcq	11578	3		jcs	jcs					0	0
jcv	11587	1			fob					0	0
jcy	11591	3		jdb	jdb					0	0
jcz	11593	4		jdb	fke,jdb					0	0
jdc	11598	2			fmc,fzy					0	0
jdf	11602	9		jdb,jei,jem	jdb,jei,jem					0	0
jdh	11605	3		jdk	jdk					0	0
jdi	11607	3		jdk	jdk					0	0
jdm	11613	4		jdx	jdx,zb					0	0
jdp	11617	3		jdx	jdx					0	0
jds	11621	3		jdx	jdx					0	0
jdu	11624	4		jdx	fwy,jdx					0	0
jdv	11626	4		jdx	epd,jdx					0	0
jdx	11629	12		fpt,jdc,jdf,jdk	fpt,jdc,jdf,jdk					0	0
jdz	11632	3		jed	jed					0	0
jea	11634	3		jed	jed					0	0
jeb	11636	3		jed	jed					0	0
jef	11642	3		jei	jei					0	0
jeg	11644	5		jei	fmc,fsm,jei					0	0
jei	11647	1			fys					0	0
jek	11651	3		jem	jem					0	0
jen	11656	1			ffr					0	0
jeo	11658	3		jeq	jeq					0	0
jet	11665	1			evi					0	0
jeu	11667	1			fob					0	0
jez	11676	1			fiw					0	0
jfb	11679	3		jff	jff					0	0
jfc	11681	6		jff	fon,fqu,frh,jff					0	0
jfd	11683	3		jff	jff					0	0
jff	11686	1			epd					0	0
jfh	11689	6		gte,jfk	gte,jfk	Run,RunDelayed,RunInternal				0	0
jfi	11691	3		jfk	jfk					0	0
jfk	11694	5		eqz	dys,eqz,euu	AddClickListener				0	0
jfl	11696	13		jdb,jex,jff,jfk	fzy,jdb,jex,jff,jfk					0	0
jfm	11698	3		jfo	jfo					0	0
jfo	11701	3		eli	eli	FindPathWorldMap,GetWorldMap,SearchWorldPath	Map	WorldEventLadderSearchRequest	SearchWorldPath	2	1
jfr	11706	1			fqh					0	0
jfs	11708	1			ejv					0	0
jft	11710	7		fxy,jfv	eui,fxy,jfv					0	0
jfw	11715	4		gjn	fwy,gjn					0	0
jfy	11718	3			ekb,fpm,ftc					0	0
jgb	11724	8		jfz,jgc	fqu,fvl,jfz,jgc					0	0
jgc	11726	1			so					0	0
jgg	11731	1			fsd					0	0
jgi	11734	4		jgl	eng,jgl					0	0
jgj	11736	3		jgl	jgl					0	0
jgn	11742	4		jgq	evi,jgq					0	0
jgo	11744	3		jgq	jgq					0	0
jgq	11747	3		fpt	fpt					0	0
jgr	11749	1			fqu					0	0
jgs	11751	16		jdb,jet,jgg,jgl,jgq	fgv,jdb,jet,jgg,jgl,jgq					0	0
jgu	11754	1			dys					0	0
jgx	11760	4		jgz	fzy,jgz					0	0
jhd	11771	1			fqb					0	0
jhq	11792	1			fqu					0	0
jhr	11794	1			etu					0	0
jhw	11802	3		jhy	jhy					0	0
jhy	11805	1			fmz					0	0
jia	11809	1			fpm					0	0
jib	11811	3		jid	jid					0	0
jid	11814	1			epd					0	0
jie	11816	1			eqq					0	0
jil	11827	2			fqu,fvl					0	0
jin	11831	3		gjm	gjm	ConnectAsync,DisconnectAsync				0	0
jio	11833	4		jiq	jiq,me					0	0
jiq	11836	4		gjn	eng,gjn					0	0
jit	11841	7		fnd,jiv	fnd,jiv,yc	ApplySolution				0	0
jiy	11848	1			fmv					0	0
jja	11852	3		jjc	jjc					0	0
jjd	11857	1			hl					0	0
jjn	11873	1			fvl					0	0
jjp	11876	3			fmz,gax,yc					0	0
jjs	11880	1			etu					0	0
jjt	11882	3		lc	lc					0	0
jjx	11889	4		fpf	fpf,ftn					0	0
jke	11899	3		jkh	jkh					0	0
jkf	11901	4		jkh	fmc,jkh					0	0
jkh	11904	1			etu					0	0
jkl	11911	3		jkq	jkq					0	0
jko	11915	3		jkq	jkq					0	0
jkq	11918	6		jkt,jkv	jkt,jkv					0	0
jkr	11920	3		jkt	jkt					0	0
jkt	11923	4		jkh	flc,jkh					0	0
jku	11925	1			fpm					0	0
jlb	11938	1			ekz					0	0
jle	11942	1			fxw					0	0
jlg	11945	1			eqq					0	0
jll	11953	1			fwy					0	0
jlm	11955	3		jlo	jlo					0	0
jlo	11958	1			eqq					0	0
jlp	11960	3		eeu	eeu	RefreshPresetNextFrame,RequestChangeToFightPreset,RequestGoBackToCurrentPreset	Fight	LadderAchievementCurrentRequest	RequestGoBackToCurrentPreset	2	2
jlq	11962	1			eqq					0	0
jls	11965	5		ers	ers,fke,gzm					0	0
jlt	11967	2			ekz,fsm					0	0
jlw	11973	3			eoi,sn,yc					0	0
jlx	11975	1			fvl					0	0
jly	11977	1			fmc					0	0
jma	11981	3		fhl	fhl	SendRequestAfterCharacterLoaded	Character	CharacterAppearancesRequest	SendRequestAfterCharacterLoaded	2	2
jmc	11984	3		jme	jme					0	0
jml	11997	1			hcf					0	0
jmo	12001	1			frx					0	0
jmp	12003	1			frx					0	0
jms	12007	3		jmu	jmu					0	0
jmv	12012	3			fgr,fmv,ftc					0	0
jmx	12015	3		jnc	jnc					0	0
jmz	12018	6		fhl,jnc	fhl,jnc	SendRequestAfterCharacterLoaded	Character	CharacterAppearancesRequest	SendRequestAfterCharacterLoaded	2	2
jna	12020	4		jnc	fzy,jnc					0	0
jnc	12023	1			fgr					0	0
jnf	12027	3		jpx	jpx					0	0
jng	12029	1			fgr					0	0
jnk	12035	2			fgr,fts					0	0
jnn	12039	3			fgr,fnk,hl					0	0
jnp	12042	3		jnr	jnr					0	0
jnr	12045	2			fgv,fvl					0	0
jnt	12049	2			eui,fgr					0	0
jnu	12051	1			fgr					0	0
jnw	12055	7		glo,jny	glo,jny,so	PrepareProcessEnqueued,SendNetworkMessageToClient				0	0
jnz	12060	1			fgr					0	0
joa	12062	17		jos,jpj,jpk,jpn,jpq	eoi,jos,jpj,jpk,jpn,jpq,yc					0	0
jod	12066	3		jof	jof					0	0
jof	12069	4			eoy,epd,ffr,fgr					0	0
jog	12071	1			epd					0	0
joj	12076	3		jol	jol					0	0
jol	12079	1			fgr					0	0
jon	12083	9		ecg,fnd,jop	ecg,fnd,jop	ApplySolution,GetTextAsync,Init,LoadExternalConfiguration,PreInit				0	0
joq	12088	2			ejv,fgr					0	0
jor	12090	2			ba,fgr					0	0
jos	12092	6		jpn,jpx	jpn,jpx					0	0
jot	12094	4		jov	eon,jov					0	0
joy	12101	6		jpb,uz	jpb,uz	Generate				0	0
joz	12103	4		jpb	fmc,jpb					0	0
jpb	12106	1			fgr					0	0
jpe	12110	2			fgr,fts					0	0
jpg	12113	3		jpi	jpi					0	0
jpi	12116	1			fgr					0	0
jpj	12118	2			fgr,gmv					0	0
jpk	12120	1			fgr					0	0
jpn	12124	4		jng	fxw,jng					0	0
jpq	12128	1			fgr					0	0
jpr	12130	2			eor,gnk					0	0
jps	12132	1			fgr					0	0
jpv	12136	7		fvu,jpx	fqu,fvu,jpx					0	0
jpx	12139	1			fgr					0	0
jpy	12141	1			fgr					0	0
jpz	12143	1			fgr					0	0
jqb	12146	4		jqd	fmc,jqd					0	0
jqd	12149	1			jss					0	0
jqe	12151	2			fgv,qo					0	0
jqf	12153	2			fhr,fmc					0	0
jqj	12159	6		jry,jsg	jry,jsg					0	0
jql	12163	4		jqn	eui,jqn					0	0
jqn	12166	1			jss					0	0
jqp	12169	6		gtv,jqr	gtv,jqr	Main				0	0
jqr	12172	6		jry,jsg	jry,jsg					0	0
jqs	12174	1			fmc					0	0
jqt	12176	2			eon,fiw					0	0
jqw	12180	3		ebu	ebu	DoCurrentMapEvent	Map	MapCurrentEvent	DoCurrentMapEvent	3	2
jqy	12184	1			eon					0	0
jqz	12186	1			gjo					0	0
jra	12188	1			jss					0	0
jrd	12192	1			fke					0	0
jrg	12196	5		jqx	eui,jqx,jss					0	0
jrh	12198	2			fke,fmc					0	0
jrk	12203	1			fgv					0	0
jrl	12205	3		jrn	jrn					0	0
jrn	12208	3		jry	jry					0	0
jro	12210	6		fyr,jrq	fyr,jrq					0	0
jrr	12215	1			hv					0	0
jru	12219	8		ebu,fhn	ebu,ejv,fgv,fhn	DoCurrentMapEvent,OnEntityStateUpdate	Map	MapCurrentEvent	DoCurrentMapEvent	3	2
jrv	12221	1			fgr					0	0
jry	12226	4		eqz	eqz,jss	AddClickListener				0	0
jrz	12228	1			fud					0	0
jsa	12230	3		jsc	jsc					0	0
jsc	12233	2			ftn,fvl					0	0
jsd	12235	1			ehl					0	0
jse	12237	3			ejv,eon,fmc					0	0
jsg	12240	1			eng					0	0
jsh	12242	3		jsj	jsj					0	0
jsj	12245	5			ejv,eon,eui,fmc,fts					0	0
jsk	12247	5		jrk	fxw,jrk,jss					0	0
jsl	12249	3		jsn	jsn					0	0
jsn	12252	3			dys,ehl,ejv					0	0
jsq	12256	2			ekz,eon					0	0
jss	12259	4	eoi:DelayUntilLoaded		ehl	DelayUntilLoaded				0	0
jsy	12266	4		jtc	eui,jtc					0	0
jsz	12268	3		jtc	jtc					0	0
jta	12270	3		jtc	jtc					0	0
jtc	12273	4		gtv	gtv,jwe	Main				0	0
jtd	12275	4		jtg	fgr,jtg					0	0
jte	12277	3		jtg	jtg					0	0
jtg	12280	1			eui					0	0
jth	12282	3		fmw	fmw					0	0
jti	12284	3			eng,me,qo					0	0
jtj	12286	3		jtn	jtn					0	0
jtl	12289	3		jtn	jtn					0	0
jto	12294	6		hdj	ba,fke,hdj,so	CreateParticleSystem,CreateParticles,GetParticlesTexture				0	0
jtq	12297	3			eui,jwe,so					0	0
jtr	12299	1			jwe					0	0
jts	12301	1			jwe					0	0
jtv	12305	1			jwe					0	0
jtw	12307	1			jwe					0	0
jtx	12309	1			jwe					0	0
jty	12311	1			jwe					0	0
jtz	12313	1			jwe					0	0
jua	12315	1			jwe					0	0
juc	12318	2			frh,jwe					0	0
jue	12321	1			jwe					0	0
juf	12323	1			jwe					0	0
jug	12325	2			fmc,jwe					0	0
jui	12328	2			fmc,jwe					0	0
juk	12331	2			fmc,jwe					0	0
jun	12335	1			jwe					0	0
juo	12337	2			eng,jwe					0	0
jup	12339	1			jwe					0	0
jur	12342	1			jwe					0	0
jus	12344	2			fys,jwe					0	0
jut	12346	3			ern,euu,jwe					0	0
juu	12348	2			fsw,jwe					0	0
jux	12352	2			eqq,jwe					0	0
juz	12355	1			jwe					0	0
jva	12357	1			jwe					0	0
jvb	12359	1			jwe					0	0
jvc	12361	1			jwe					0	0
jve	12364	1			jwe					0	0
jvf	12366	2			fmc,jwe					0	0
jvg	12368	3			fmc,fts,jwe					0	0
jvi	12371	4			eoo,fmc,fmv,jwe					0	0
jvj	12373	1			jwe					0	0
jvk	12375	1			jwe					0	0
jvl	12377	2			epd,jwe					0	0
jvn	12380	2			fgr,jwe					0	0
jvo	12382	1			jwe					0	0
jvp	12384	1			jwe					0	0
jvs	12388	1			jwe					0	0
jvt	12390	1			jwe					0	0
jvu	12392	1			jwe					0	0
jvv	12394	1			jwe					0	0
jvw	12396	1			jwe					0	0
jvz	12400	1			jwe					0	0
jwa	12402	5		ekj	ekj,fiw,jwe	ReApplyIconLatter				0	0
jwb	12404	1			jwe					0	0
jwc	12406	1			jwe					0	0
jwe	12409	1			fmc					0	0
jwf	12411	5		jwh	etu,fpm,jwh					0	0
jwi	12416	3			ejv,fke,fzy					0	0
jwj	12418	1			fqb					0	0
jwm	12422	1			fwy					0	0
jwo	12426	3		gtm	gtm	AddProjectileExitAnimationSteps,Process				0	0
jwq	12429	3		fif	fif	CleanUpCursorsAsync				0	0
jwr	12431	5		jyc	etu,fhr,jyc					0	0
jws	12433	2			ecv,fke					0	0
jwt	12435	3		jwv	jwv					0	0
jwv	12438	3		jwr	jwr					0	0
jww	12440	3		jxo	jxo					0	0
jwx	12442	3		jwz	jwz					0	0
jxa	12447	2			fqu,fxw					0	0
jxb	12449	3			ejv,fmc,fnk					0	0
jxc	12451	3			fjw,fke,fmc					0	0
jxf	12455	3		jzb	jzb					0	0
jxh	12459	2			fke,fqb					0	0
jxi	12461	2			dys,fke					0	0
jxj	12463	1			eoi					0	0
jxk	12465	1			fmc					0	0
jxl	12467	5		eov	eov,flc,fmc	ManageSkillClickedWhenAvailable,UpdateStatedElement	Element			0	0
jxm	12469	2			fgr,fmc					0	0
jxn	12471	1			fmc					0	0
jxo	12473	1			fob					0	0
jxp	12475	1			fke					0	0
jxs	12479	1			epd					0	0
jxt	12481	1			fqu					0	0
jxu	12483	9	fke:HandleFightResume	fss	ern,fiw,fke,fss	HandleFightResume	Fight	FightResume	HandleFightResume	2	1
jxv	12485	2			fhw,fke					0	0
jxw	12487	3			etu,fmc,fpm					0	0
jxx	12489	2			eoo,fmc					0	0
jxz	12493	3			erd,fiw,fke					0	0
jya	12495	4		fsn	fmc,fsn					0	0
jyb	12497	1			fke					0	0
jyc	12499	2			ehz,etu					0	0
jyd	12501	5		jyf	etu,jyf,so					0	0
jyf	12504	2			fke,fqh					0	0
jyg	12506	4			ejv,fhw,fiw,fke					0	0
jyj	12510	1			fke					0	0
jyn	12515	3		jys	jys					0	0
jyo	12517	7		gte,jys	fsm,gte,jys	Run,RunDelayed,RunInternal				0	0
jyp	12519	6		fyk,jys	fyk,jys	TriggerNewBigNotificationHookWhenUIIsOpened,TriggerNewNotificationHookWhenUIIsOpened				0	0
jyq	12521	4		jys	fqh,jys					0	0
jys	12524	3		elx	elx	HourLoopUpdate				0	0
jyt	12526	4		epw	epw,fke	FollowObjective,UnfollowObjective				0	0
jyu	12528	1			fqu					0	0
jyv	12530	1			fmc					0	0
jyw	12532	3		jyy	jyy					0	0
jyy	12535	2			fhw,fke					0	0
jyz	12537	3		jzb	jzb					0	0
jzb	12540	4		jxu	fqb,jxu					0	0
jzc	12542	4			fiw,fke,fmc,fmz					0	0
jzd	12544	1			jzo					0	0
jze	12546	2			fyb,jzo					0	0
jzh	12550	1			jzo					0	0
jzi	12552	2			fvl,jzo					0	0
jzj	12554	4		fyv	fyv,jzo					0	0
jzk	12556	1			jzo					0	0
jzl	12558	1			jzo					0	0
jzm	12560	1			jzo					0	0
jzo	12563	3		jxo	jxo					0	0
jzq	12566	3		jzu	jzu					0	0
jzr	12568	6		fvu,jzu	fvu,jzu					0	0
jzs	12570	3		jzu	jzu					0	0
jzu	12573	3			fjw,fke,fmc					0	0
jzw	12576	3			dys,fjw,ftc					0	0
jzz	12582	3			fjw,fvl,fyb					0	0
kaa	12584	3		kab	kab					0	0
kab	12586	1			fke					0	0
kac	12588	1			fjw					0	0
kad	12590	2			fhr,fjw					0	0
kae	12592	2			fjw,fxw					0	0
kah	12596	4		zi	sn,zi	Migrate,PreInit				0	0
kai	12598	1			fyb					0	0
kam	12604	1			ejv					0	0
kan	12606	3		kap	kap					0	0
kaq	12611	3		gsy	gsy					0	0
kar	12613	2			fjw,fke					0	0
kau	12617	1			dyx					0	0
kav	12619	1			eqq					0	0
kaw	12621	4		kay	fvl,kay					0	0
kba	12628	4	fjw:DelayPlacementDisplay		fjw	DelayPlacementDisplay				0	0
kbb	12630	1			fjw					0	0
kbd	12633	3		eno	eno					0	0
kbh	12639	4		fxa	fvl,fxa					0	0
kbj	12643	2			egv,fxw					0	0
kbk	12645	1			fob					0	0
kbl	12647	2			fvl,me					0	0
kbn	12651	1			ftn					0	0
kbr	12657	3		kbt	kbt					0	0
kbt	12660	2			ba,fqu					0	0
kbw	12666	4		kby	fsm,kby					0	0
kce	12679	1			dyx					0	0
kcf	12681	1			fqu					0	0
kcg	12683	4		fzg	fvl,fzg					0	0
kch	12685	3		lw	lw					0	0
kci	12687	1			eui					0	0
kcm	12695	2			eui,fyb					0	0
kco	12698	3		kcq	kcq					0	0
kcs	12705	3		kcu	kcu					0	0
kcu	12708	1			erd					0	0
kcv	12710	3		kcx	kcx					0	0
kda	12719	1			eng					0	0
kdc	12723	1			fgv					0	0
kde	12727	4		kdg	fmz,kdg					0	0
kdg	12730	1			frh					0	0
kdk	12736	1			frh					0	0
kdp	12742	3		kdr	kdr					0	0
kds	12747	2			epd,fqb					0	0
kdv	12751	1			epd					0	0
kdw	12753	2			eng,yc					0	0
kdz	12759	1			erd					0	0
kef	12769	2			ern,fke					0	0
keg	12771	1			fob					0	0
keh	12773	3		eov	eov	ManageSkillClickedWhenAvailable,UpdateStatedElement	Element			0	0
kei	12775	2			fke,fxw					0	0
kej	12777	4		kem	etu,kem					0	0
kek	12779	5		kem	ejv,kem,me					0	0
keo	12786	7		gbn,gjs	fmv,gbn,gjs	DisposeAsyncData,LoadMapping	Map			0	0
keq	12790	1			flc					0	0
ker	12792	1			me					0	0
keu	12798	2			fob,xd					0	0
kew	12802	2			ejv,fqb					0	0
kez	12806	2			ffr,fpm					0	0
kfa	12808	9		fvu,kby,kes	fvu,kby,kes					0	0
kfb	12810	2			fke,fts					0	0
kfc	12812	6		kfe,mt	kfe,mt					0	0
kfe	12815	3			eui,fqb,fqh					0	0
kfk	12825	4		kfp	hba,kfp					0	0
kfl	12827	5		kfp	evi,fmc,kfp					0	0
kfn	12830	3		kfp	kfp					0	0
kfp	12833	2			eqq,ffr					0	0
kfs	12837	4		hg	hba,hg					0	0
kfv	12841	1			fqu					0	0
kfw	12843	8		kby,kdw	fgr,fwy,kby,kdw					0	0
kfx	12845	4		kfz	euu,kfz					0	0
kfz	12848	2			eui,fvl					0	0
kga	12850	2			fgr,fqu					0	0
kgb	12852	4		kgd	fpm,kgd					0	0
kge	12857	4		ecq	ecq,ftn					0	0
kgf	12859	3		kgh	kgh					0	0
kgj	12866	2			fpm,hcf					0	0
kgl	12870	3			dys,fke,sn					0	0
kgq	12878	1			eoy					0	0
kgr	12880	3		kgt	kgt					0	0
kgu	12885	8		ebb,ekj	ebb,ekj,eon,fgr	ReApplyIconLatter,TriggerConnectionFailedPopup				0	0
kgv	12887	1			ftc					0	0
kgw	12889	2			eqq,hl					0	0
kgx	12891	1			euu					0	0
kgy	12893	1			eon					0	0
kgz	12895	1			vz					0	0
kha	12897	2			ekz,flc					0	0
khh	12906	1			ern					0	0
khi	12908	1			ern					0	0
khj	12910	1			ern					0	0
khk	12912	2			ern,xd					0	0
khl	12914	1			etu					0	0
khm	12916	2			ern,fxw					0	0
khn	12918	1			ern					0	0
khu	12927	1			etu					0	0
khv	12929	1			eps					0	0
khw	12931	3		fro	fro					0	0
khx	12933	1			fon					0	0
kia	12937	1			fob					0	0
kid	12941	3		kif	kif					0	0
kif	12944	1			fgr					0	0
kig	12946	1			fgr					0	0
kih	12948	3		kij	kij					0	0
kil	12954	4		kis	dys,kis					0	0
kim	12956	3		kis	kis					0	0
kin	12958	3		kis	kis					0	0
kip	12961	3		kis	kis					0	0
kiq	12963	4		kis	fqh,kis					0	0
kis	12966	2			fgr,fvl					0	0
kiv	12970	3		kjb	kjb					0	0
kiw	12972	3		kjb	kjb					0	0
kiy	12975	4		kjb	fts,kjb					0	0
kiz	12977	3		kjb	kjb					0	0
kjb	12980	2			fgr,xd					0	0
kje	12984	3			fgr,fvl,gnk					0	0
kjg	12987	3		kjl	kjl					0	0
kji	12990	3		kjl	kjl					0	0
kjj	12992	4		kjl	kjl,me					0	0
kjl	12995	2			fgr,flc					0	0
kjo	12999	1			fgr					0	0
kjr	13003	1			fgr					0	0
kjv	13009	1			fgr					0	0
kjx	13013	4		mk	fwy,mk					0	0
kka	13017	4		kke	fqw,kke					0	0
kkb	13019	3		kke	kke					0	0
kkc	13021	4		kke	fts,kke					0	0
kke	13024	1			frh					0	0
kkg	13027	6		elk,kkk	elk,kkk	Init				0	0
kkh	13029	4		kkk	gmv,kkk					0	0
kki	13031	3		kkk	kkk					0	0
kkk	13034	1			fgr					0	0
kkl	13036	1			fhr					0	0
kkm	13038	3		fyd	fyd	CheckCameraRatio				0	0
kko	13041	3		kkq	kkq					0	0
kkq	13044	1			fgr					0	0
kkr	13046	1			ekz					0	0
kkt	13049	2			epd,eui					0	0
kku	13051	2			dyx,so					0	0
kkw	13054	2			eqq,fts					0	0
kkz	13058	1			eqq					0	0
kla	13060	1			fqb					0	0
klb	13062	4		kld	ftn,kld					0	0
klk	13075	3		klm	klm					0	0
klm	13078	1			eui					0	0
klp	13082	2			eqq,fvl					0	0
klu	13089	1			epd					0	0
klx	13093	3		klz	klz					0	0
klz	13096	1			zb					0	0
kmb	13099	1			ehl					0	0
kmc	13101	5		kme	ba,fmv,kme					0	0
kme	13104	2			ba,eap					0	0
kmi	13110	3		kmz	kmz					0	0
kmj	13112	1			ehl					0	0
kmk	13114	3			etu,fjw,fke					0	0
kml	13116	4		fmw	eui,fmw					0	0
kmn	13119	3		kmp	kmp					0	0
kmp	13122	6		elx,fmw	elx,fmw	HourLoopUpdate				0	0
kmq	13124	3			ehl,ejv,fts					0	0
kmr	13126	1			hv					0	0
kmu	13130	3			ehl,ejv,eoo					0	0
kmw	13134	1			fmv					0	0
knf	13146	5		knk	fpm,frx,knk					0	0
kni	13150	4		knk	fgr,knk					0	0
knk	13153	1			fqb					0	0
knn	13159	4		gaf	eqq,gaf					0	0
kno	13161	1			fgr					0	0
kns	13166	3		knv	knv					0	0
knt	13168	4		knv	fud,knv					0	0
knv	13171	2			fsw,fwy					0	0
knw	13173	3		kny	kny					0	0
kod	13184	1			fsm					0	0
koe	13186	3		mk	mk					0	0
kof	13188	1			ehl					0	0
koh	13192	1			etu					0	0
koi	13194	1			frx					0	0
koj	13196	1			eui					0	0
kol	13200	4		kon	eui,kon					0	0
kon	13203	1			fqu					0	0
koo	13205	3		koq	koq					0	0
koq	13208	1			ekb					0	0
kou	13213	6		kox,ug	kox,ug	GetTileMeshAndTexture				0	0
kov	13215	4		kox	etu,kox					0	0
kpa	13222	1			fqu					0	0
kpb	13224	1			fhr					0	0
kph	13232	9		knv,koi,kpy	knv,koi,kpy					0	0
kpj	13236	4		kpl	eui,kpl					0	0
kpl	13239	1			so					0	0
kpm	13241	3		kpr	kpr					0	0
kpp	13245	3		kpr	kpr					0	0
kpr	13248	9		ia,koh,koj	ia,koh,koj					0	0
kpv	13253	3		kpy	kpy					0	0
kpw	13255	3		kpy	kpy					0	0
kpy	13258	1			fnk					0	0
kpz	13260	1			eng					0	0
kqc	13264	3		zi	zi	Migrate,PreInit				0	0
kqh	13272	1			etu					0	0
kqi	13274	3			fjw,fsm,kqm					0	0
kqk	13277	6		ml	dyx,ftn,kqm,ml					0	0
kqm	13280	7		knn,kqg	euu,knn,kqg					0	0
kqo	13283	1			fud					0	0
kqp	13285	1			fob					0	0
kqq	13287	1			fud					0	0
kqt	13293	2			ern,qo					0	0
kqu	13295	1			yc					0	0
kqv	13297	2			eoo,ftn					0	0
kqw	13299	4		kqy	eap,kqy					0	0
kqy	13302	6		ekw,gjx	ekw,gjx	ShowDelay,StopLatencyTimer				0	0
kqz	13304	4		gkt	ftc,gkt					0	0
kra	13306	1			ffr					0	0
krc	13309	3		krh	krh					0	0
krd	13311	4		krh	dyx,krh					0	0
krf	13314	4		krh	eui,krh					0	0
krh	13317	4		krj	ecv,krj					0	0
kri	13319	3		krj	krj					0	0
krl	13324	1			fpm					0	0
krp	13330	3		fyo	fyo					0	0
krq	13332	3		krs	krs					0	0
krt	13337	3		fro	fro					0	0
kru	13339	1			ejv					0	0
krv	13341	1			eui					0	0
krx	13344	1			fvl					0	0
kry	13346	1			frh					0	0
krz	13348	3		ksb	ksb					0	0
ksc	13353	1			yc					0	0
ksf	13357	3		ksh	ksh					0	0
ksh	13360	3		eli	eli	FindPathWorldMap,GetWorldMap,SearchWorldPath	Map	WorldEventLadderSearchRequest	SearchWorldPath	2	1
ksi	13362	1			fke					0	0
ksl	13366	1			etu					0	0
ksm	13368	2			fwy,fzy					0	0
ksn	13370	2			evi,fke					0	0
ksr	13376	1			fmc					0	0
kss	13378	5		mk	epd,fxw,mk					0	0
kst	13380	2			epd,etu					0	0
ksu	13382	2			eqq,fke					0	0
ksv	13384	2			fqu,xd					0	0
ksw	13386	10		ksn,ksr,kss	fwy,ksn,ksr,kss					0	0
ksx	13388	3		ksv	ksv					0	0
ktb	13393	1			fqu					0	0
ktc	13395	3		kte	kte					0	0
kte	13398	4		ktp	fon,ktp					0	0
ktf	13400	3		kth	kth					0	0
kti	13405	1			etu					0	0
ktl	13409	2			eui,vz					0	0
ktm	13411	1			qo					0	0
ktn	13413	1			erd					0	0
kto	13415	1			fnk					0	0
ktp	13417	13		ktb,kth,kti,ktm	fvl,ktb,kth,kti,ktm					0	0
ktq	13419	3		nb	nb					0	0
kts	13422	1			gym					0	0
ktu	13425	3		ktw	ktw					0	0
ktx	13430	1			yc					0	0
kua	13436	1			fhr					0	0
kub	13438	5			ekz,eqq,eui,ffr,fgr					0	0
kuf	13444	1			fon					0	0
kuj	13451	4		kul	ejv,kul					0	0
kur	13464	2			evi,fyb					0	0
kus	13466	3		fhl	fhl	SendRequestAfterCharacterLoaded	Character	CharacterAppearancesRequest	SendRequestAfterCharacterLoaded	2	2
kux	13472	5		kva	ecv,fwy,kva					0	0
kuy	13474	4		kva	ecv,kva					0	0
kva	13477	4		eau	eau,ecv	Connect,GetAuthenticationToken,GetSetting,PayCart,RequestAPIToken,RequestUserInfos,RequestZaapLanguage,RequestZaapUpdateNeeded,SetZaapLanguage	Zaap	TokenRequest	RequestAPIToken	2	1
kvb	13479	4		fyw	fyw,hl					0	0
kvc	13481	1			frh					0	0
kvd	13483	3		fzj	fzj					0	0
kvg	13487	4		elv	elv,fqb	DEBUG_LocalizedSounds,DoLoadBank,DoLoadBankWithGuid,GenerateMapSpatializationAsync,Init,Initialize,InitializeAudioManager,PlayMenuWhenDoneInit,PlaySound,PlaySoundEventInstance	Map	MapCurrentInstanceEvent	PlaySoundEventInstance	2	1
kvh	13489	1			gjo					0	0
kvi	13491	3			ecv,eui,fpm					0	0
kvk	13495	1			fqb					0	0
kvm	13499	3		elv	elv	DEBUG_LocalizedSounds,DoLoadBank,DoLoadBankWithGuid,GenerateMapSpatializationAsync,Init,Initialize,InitializeAudioManager,PlayMenuWhenDoneInit,PlaySound,PlaySoundEventInstance	Map	MapCurrentInstanceEvent	PlaySoundEventInstance	2	1
kvn	13501	2			ecv,ehl					0	0
kvo	13503	1			etu					0	0
kvq	13505	3			ecv,eqq,frx					0	0
kvt	13509	1			ecv					0	0
kvv	13513	2			ffr,fhr					0	0
kvw	13515	3		esw	esw					0	0
kwb	13525	2			eui,fvl					0	0
kwc	13527	1			ecv					0	0
kwd	13529	1			eui					0	0
kwj	13538	1			fud					0	0
kwk	13540	1			xd					0	0
kwl	13542	1			fts					0	0
kwm	13544	3		fss	fss					0	0
kwu	13556	3		elv	elv	DEBUG_LocalizedSounds,DoLoadBank,DoLoadBankWithGuid,GenerateMapSpatializationAsync,Init,Initialize,InitializeAudioManager,PlayMenuWhenDoneInit,PlaySound,PlaySoundEventInstance	Map	MapCurrentInstanceEvent	PlaySoundEventInstance	2	1
kwx	13562	1			fsm					0	0
kxb	13568	1			eqq					0	0
kxj	13578	3		kxm	kxm					0	0
kxk	13580	3		kxm	kxm					0	0
kxo	13586	3		kxr	kxr					0	0
kxp	13588	3		kxr	kxr					0	0
kxr	13591	3		ejt	ejt	GetClosestAnimFromBoneAsync,GetClosestAsync,Init,LoadAndApplyDefinitionAsync,LoadAnimationNamesAsync,LoadDefinitionFromBoneCatalogAsync,LoadDefinitionFromCatalogAsync,LoadDefinitionFromMappedBoneAsync,LoadSkin,PreLoadDefinitionFromCatalog,PreLoadSkin	Map			0	0
kxv	13597	3		kyb	kyb					0	0
kxw	13599	3		kyb	kyb					0	0
kxz	13603	3		kyb	kyb					0	0
kyb	13606	1			fiw					0	0
kyc	13608	5		kye	eng,fiw,kye					0	0
kyf	13613	3			fpm,frh,fwy					0	0
kyi	13617	3			dys,kzl,vz					0	0
kyl	13621	2			fqu,kzl					0	0
kym	13623	2			fvl,kzl					0	0
kyn	13625	1			kzl					0	0
kyo	13627	5		eli	eli,fzy,kzl	FindPathWorldMap,GetWorldMap,SearchWorldPath	Map	WorldEventLadderSearchRequest	SearchWorldPath	2	1
kyp	13629	1			kzl					0	0
kyr	13632	1			kzl					0	0
kys	13634	1			kzl					0	0
kyu	13637	2			gym,kzl					0	0
kyw	13640	5		ehb	ehb,kzl,yc	GenerateSprite,LoadEntity	Entity			0	0
kyx	13642	1			kzl					0	0
kyy	13644	4		fyv	fyv,kzl					0	0
kyz	13646	1			kzl					0	0
kza	13648	1			kzl					0	0
kzc	13651	1			kzl					0	0
kze	13654	1			kzl					0	0
kzg	13657	2			ftc,kzl					0	0
kzi	13660	1			kzl					0	0
kzj	13662	2			hl,kzl					0	0
kzn	13668	4		kzs	eqq,kzs					0	0
kzq	13672	4		kzs	eor,kzs					0	0
kzu	13679	6		lad	eon,ftn,lad,me					0	0
kzy	13684	5		lad	erd,frx,lad					0	0
lab	13688	3		lad	lad					0	0
lag	13695	1			ffr					0	0
lak	13700	3		lal	lal					0	0
lal	13702	3		fmw	fmw					0	0
lao	13706	3		laq	laq					0	0
laq	13709	3		las	las					0	0
lcf	13753	22		hys,iav,ilg,irp,kpr,ktx,kus	hys,iav,ilg,irp,kpr,kqm,ktx,kus					0	0
lci	13757	24		lgz,mdv,mdx,mea,med,meh,mer,met	lgz,mdv,mdx,mea,med,meh,mer,met					0	0
lcm	13763	3		lhg	lhg					0	0
lcn	13765	1			etu					0	0
lco	13767	17		enp,fhn,jxc,jxf,jzb	enp,evi,fhn,fnk,jxc,jxf,jzb	LoadArrow,OnEntityStateUpdate	Entity			0	0
lcp	13769	3		lcr	lcr					0	0
lcr	13772	3		lns	lns					0	0
lcs	13774	4		lcu	fud,lcu					0	0
lcu	13777	6		fvu,lgw	fvu,lgw					0	0
lcy	13783	4		lda	dyx,lda					0	0
lda	13786	3		ldd	ldd					0	0
ldd	13790	15		kwh,kwm,kwu,kww,kwx	kwh,kwm,kwu,kww,kwx					0	0
lde	13792	9		gsf,hnd,jyy	gsf,hnd,jyy					0	0
ldf	13794	7		iwf,iwj	iwf,iwj,jss					0	0
ldk	13800	3		ldm	ldm					0	0
ldm	13803	7		kbd,laq	fqu,kbd,laq					0	0
ldn	13805	3		kub	kub					0	0
ldo	13807	5		ldt	fqw,fvl,ldt					0	0
ldq	13810	3		ldt	ldt					0	0
ldr	13812	4		ldt	eng,ldt					0	0
ldt	13815	12		jco,jct,jcu	etu,ffr,fsd,jco,jct,jcu					0	0
ldx	13820	3		ldz	ldz					0	0
ldz	13823	4		jxu	jwe,jxu					0	0
lea	13825	16		hjq,hkb,hks,kds,kx	ffr,hjq,hkb,hks,kds,kx					0	0
leb	13827	4		lfc	eui,lfc					0	0
lec	13829	37		hkh,itd,itf,iua,iuf,iuj,iuy,ivx,iwb,ked,kev,kex	fwy,hkh,itd,itf,iua,iuf,iuj,iuy,ivx,iwb,ked,kev,kex					0	0
led	13831	7		lgx,lho	fqb,lgx,lho					0	0
lee	13833	3		lfc	lfc					0	0
lef	13835	5		lns	fsm,fys,lns					0	0
leg	13837	12		jhk,jjf,mcm,mcr	jhk,jjf,mcm,mcr					0	0
lej	13841	3		lnq	lnq					0	0
lek	13843	3		len	len					0	0
lel	13845	3		len	len					0	0
len	13848	16		hol,ion,kp,ley	hcf,hol,ion,kp,kqm,lea,ley,ljx					0	0
leo	13850	3		les	les					0	0
leq	13853	3		les	les					0	0
les	13856	28		hol,jak,jgw,jhe,jie,jiq,jiv,jme,jmp	hol,jak,jgw,jhe,jie,jiq,jiv,jme,jmp,kqm					0	0
let	13858	3		lev	lev					0	0
lev	13861	7		iwm,iwp	iwm,iwp,jss					0	0
ley	13865	4		lhm	lhm,ljx					0	0
lfa	13868	3		lfc	lfc					0	0
lfc	13871	1			lea					0	0
lfd	13873	3		hlb	hlb					0	0
lfe	13875	25		fxa,izy,jrk,jrr,kte,lhm,lsd	fvl,fxa,izy,jrk,jrr,jss,kte,lea,lhm,lpx,lsd					0	0
lff	13877	12		fpd,jwq,jxm,jxu	fpd,jwq,jxm,jxu					0	0
lfg	13879	10	eoi:PrepareAndDispatchFightMapData	jxj,kba	eoi,jxj,kba	PrepareAndDispatchFightMapData	Map	FightMapContext	PrepareAndDispatchFightMapData	2	2
lfh	13881	1			lhs					0	0
lfi	13883	25		ekl,knk,kox,kph,kpi,kpr,ktb,lnx	ekl,knk,kox,kph,kpi,kpr,kqm,ktb,lnx	TryConnectLatter				0	0
lfj	13885	1			lhs					0	0
lfk	13887	3		lfo	lfo					0	0
lfm	13890	3		lfo	lfo					0	0
lfo	13893	15		jgb,kbi,kdc,kgm	egv,eon,hex,jgb,kbi,kdc,kgm					0	0
lfq	13896	3		lft	lft					0	0
lfr	13898	3		lft	lft					0	0
lft	13901	7		ite,itl	etu,ite,itl					0	0
lfu	13903	3		lfx	lfx					0	0
lfv	13905	3		lfx	lfx					0	0
lfx	13908	4		ilg	ilg,lpg					0	0
lfy	13910	9		jcc,jci,les	jcc,jci,les					0	0
lfz	13912	4		lnq	ftn,lnq					0	0
lgc	13916	3		lgf	lgf					0	0
lgd	13918	6		ejt,lgf	ejt,lgf	GetClosestAnimFromBoneAsync,GetClosestAsync,Init,LoadAndApplyDefinitionAsync,LoadAnimationNamesAsync,LoadDefinitionFromBoneCatalogAsync,LoadDefinitionFromCatalogAsync,LoadDefinitionFromMappedBoneAsync,LoadSkin,PreLoadDefinitionFromCatalog,PreLoadSkin	Map			0	0
lgf	13921	18		ime,kok,koq,kpa,lqw,lqx	ime,kok,koq,kpa,lqw,lqx					0	0
lgg	13923	3		lgi	lgi					0	0
lgi	13926	3		lnq	lnq					0	0
lgj	13928	4		lgl	fvl,lgl					0	0
lgl	13931	24		hjp,hjw,hld,ikv,ilh,irp,kdc	hjp,hjw,hld,ikv,ilh,irp,kdc,kzl,lpg,lpx					0	0
lgm	13933	4		lpo	ejv,lpo					0	0
lgp	13937	9		lgz,meh,met	lgz,meh,met					0	0
lgr	13940	7		jqy,jri	gmv,jqy,jri					0	0
lgs	13942	9		kbb,kmk	fjw,fys,kbb,kmk,ljx					0	0
lgt	13944	4		lco	jwe,lco					0	0
lgu	13946	4		lgr	fgv,lgr					0	0
lgw	13949	9		jwv,kae,lny	jwv,kae,lny					0	0
lgx	13951	2			fsw,ljx					0	0
lgy	13953	3		jtg	jtg					0	0
lgz	13955	3		mdu	mdu					0	0
lhd	13960	5		lff	fmc,lff,sn					0	0
lhe	13962	3		lhg	lhg					0	0
lhg	13965	33		hol,igs,ilg,kdc,kmb,kzu,lcm,led,lft,lfx	fwy,hol,igs,ilg,jwe,kdc,kmb,kzu,lcm,lea,led,lft,lfx					0	0
lhh	13967	2			ehl,lhs					0	0
lhi	13969	4		lhk	fts,lhk					0	0
lhk	13972	13		chi,ihr,iic,ijd	chi,ihr,iic,ijd,kzl					0	0
lhl	13974	3		jwv	jwv					0	0
lhm	13976	18		fvu,iev,iex,ifa,ife,ku	fvu,iev,iex,ifa,ife,ku					0	0
lhn	13978	7		jxc,jxf	eui,jxc,jxf					0	0
lho	13980	3		lgx	lgx					0	0
lhp	13982	2			fqb,kzl					0	0
lhq	13984	15		gsf,jws,jxp,jyy,ldn	gsf,jws,jxp,jyy,ldn					0	0
lhs	13987	18		itg,itz,iuq,ivk,jxk,jyy	itg,itz,iuq,ivk,jxk,jyy					0	0
lhx	13993	3			etu,fiw,ljx					0	0
lhz	13996	1			ljx					0	0
lia	13998	1			ljx					0	0
lib	14000	1			ljx					0	0
lic	14002	4			etu,fts,fwy,ljx					0	0
lid	14004	5			euu,fmc,gsg,ljx,so					0	0
lie	14006	1			ljx					0	0
lif	14008	2			fqh,ljx					0	0
lih	14011	4		gvh	gvh,ljx					0	0
lij	14014	1			ljx					0	0
lik	14016	1			ljx					0	0
lim	14019	1			ljx					0	0
lin	14021	1			ljx					0	0
lip	14024	2			etu,ljx					0	0
liq	14026	2			ejv,ljx					0	0
lir	14028	2			fob,ljx					0	0
lit	14031	1			ljx					0	0
liu	14033	2			eng,ljx					0	0
liw	14036	1			ljx					0	0
liy	14039	1			ljx					0	0
lja	14042	1			ljx					0	0
ljg	14049	1			ljx					0	0
ljh	14051	4			fvl,fwy,gzm,ljx					0	0
ljj	14054	4		ers	ers,ljx					0	0
ljl	14057	1			ljx					0	0
ljo	14061	3			fhr,hcf,ljx					0	0
ljq	14064	1			ljx					0	0
ljr	14066	2			fgv,ljx					0	0
ljt	14069	1			ljx					0	0
ljv	14072	1			ljx					0	0
ljx	14075	4			ehl,ekb,fmc,frh					0	0
lkc	14081	2			fqu,llc					0	0
lkg	14085	1			llc					0	0
lkh	14087	1			llc					0	0
lki	14089	1			llc					0	0
lkm	14094	3			fgv,fvl,llc					0	0
lkn	14096	1			llc					0	0
lko	14098	1			llc					0	0
lkp	14100	1			llc					0	0
lkq	14102	1			llc					0	0
lkr	14104	2			dyx,llc					0	0
lks	14106	1			llc					0	0
lkt	14108	1			llc					0	0
lku	14110	4		esw	esw,llc					0	0
lkv	14112	1			llc					0	0
lkx	14115	1			llc					0	0
lky	14117	4		fyv	fyv,llc					0	0
lkz	14119	2			fmc,llc					0	0
lla	14121	1			llc					0	0
lld	14126	26		hfj,hgb,hzx,ia,jhz,jid,jjg,len	fhw,hfj,hgb,hzx,ia,jhz,jid,jjg,kzl,len					0	0
llg	14130	18		itu,itw,iur,iuw,ivj,kfv	itu,itw,iur,iuw,ivj,kfv					0	0
llh	14132	4		jxu	fmc,jxu					0	0
lli	14134	16		hki,hko,hle,hlh,lfd	hki,hko,hle,hlh,lea,lfd					0	0
llj	14136	6		ivj,llk	ivj,llk					0	0
llk	14138	10		kdr,ktp,lec	kdr,ktp,lec,llc					0	0
lll	14140	1			ljx					0	0
llm	14142	5		ihr	fnk,ihr,kzl					0	0
lln	14144	4		llp	fqh,llp					0	0
llp	14147	4		ldn	ldn,ljx					0	0
llq	14149	1			lmm					0	0
lls	14152	5		fjk	fjk,fqu,lmm	Refresh				0	0
llu	14155	1			lmm					0	0
llw	14158	2			lmm,yc					0	0
llz	14162	1			lmm					0	0
lma	14164	1			lmm					0	0
lmc	14167	1			lmm					0	0
lme	14170	3			ffr,lmm,so					0	0
lmg	14173	1			lmm					0	0
lmh	14175	2			etu,lmm					0	0
lmi	14177	1			lmm					0	0
lmk	14180	4		ecg	ecg,lmm	GetTextAsync,Init,LoadExternalConfiguration,PreInit				0	0
lmn	14185	9		len,lzy,mar	len,lzy,mar					0	0
lmo	14187	3		lmq	lmq					0	0
lmq	14190	1			lhs					0	0
lmr	14192	7		mbv,mcx	fqb,mbv,mcx					0	0
lms	14194	3		lgr	lgr					0	0
lmt	14196	3		lgw	lgw					0	0
lmv	14199	1			lng					0	0
lmw	14201	1			lng					0	0
lmx	14203	1			lng					0	0
lmy	14205	5		lx	lng,lx,yc					0	0
lnb	14209	1			lng					0	0
lne	14213	1			lng					0	0
lng	14216	15		ekj,hqu,iwd,izi,kbt	ekj,hqu,iwd,izi,kbt	ReApplyIconLatter				0	0
lnh	14218	1			ljx					0	0
lni	14220	4		lhd	fwy,lhd					0	0
lnj	14222	3			eqq,jwe,ljx					0	0
lnk	14224	8		ino,lfx	ffr,ino,lfx,lpg					0	0
lno	14229	9		fxy,ley	ekz,eqq,fwy,fxy,ley					0	0
lnq	14232	3		lmt	lmt					0	0
lns	14235	14		hkh,kli,ldn,lfd	fmc,hkh,kli,ldn,lea,lfd					0	0
lnv	14239	3		lgr	lgr					0	0
lnw	14241	1			lhs					0	0
lnx	14243	11		bxf,izr,izz	bxf,frh,izr,izz,lpx					0	0
lny	14245	8		esg,hpy	egv,esg,hpy,jss	GetTextFromURL,LoadGameActivityData,LoadGamesActivitiesLibraries				0	0
lnz	14247	1			fpm					0	0
loa	14249	4		lns	eui,lns					0	0
lob	14251	1			lhs					0	0
loc	14253	3		jyg	jyg					0	0
loi	14259	4		mk	lpg,mk					0	0
loj	14261	2			fgv,lpg					0	0
lol	14264	2			fhr,lpg					0	0
lon	14267	1			lpg					0	0
lot	14273	1			lpg					0	0
lou	14275	1			lpg					0	0
lov	14277	2			fwy,lpg					0	0
loy	14280	3			eui,fgr,lpg					0	0
lpa	14283	1			lpg					0	0
lpc	14286	1			lpg					0	0
lpe	14289	4		eno	eno,lpg					0	0
lpg	14292	1			ecv					0	0
lph	14294	6		eqz,lpj	eqz,lpj	AddClickListener				0	0
lpj	14297	6		kvz	eqq,fhr,kvz,lpg					0	0
lpk	14299	5		jxw	jwe,jxw,ljx					0	0
lpl	14301	10		jri,kab,loc	flc,jri,kab,loc					0	0
lpo	14305	21		jly,jme,jmf,lzx,maz,mbb	fhr,fsd,fwy,jly,jme,jmf,lzx,maz,mbb					0	0
lpp	14307	2			hba,lhs					0	0
lps	14311	2			eui,lpx					0	0
lpt	14313	2			fqb,lpx					0	0
lpu	14315	1			lpx					0	0
lpv	14317	1			lpx					0	0
lpx	14320	16		iw,jaa,jjp,jjs,jra	iw,jaa,jjp,jjs,jra,jss					0	0
lpy	14322	3		lgr	lgr					0	0
lpz	14324	3		lnq	lnq					0	0
lqc	14329	1			fqw					0	0
lqd	14331	2			fiw,qo					0	0
lqe	14333	1			fvl					0	0
lqg	14337	3		gjy	gjy					0	0
lqo	14348	3		lqq	lqq					0	0
lqr	14353	3			eqq,fgv,fqu					0	0
lqs	14355	7		fpd,gbn	dyx,fpd,gbn	DisposeAsyncData				0	0
lqt	14357	4		ekw	egv,ekw	ShowDelay,StopLatencyTimer				0	0
lqu	14359	1			hv					0	0
lrc	14371	5		lrn	dyx,fnk,lrn					0	0
lrd	14373	2			ekb,hl					0	0
lre	14375	1			euu					0	0
lrl	14386	1			flc					0	0
lrm	14388	1			fqb					0	0
lro	14392	3		gsz	gsz	GeneratePortalExitsStep,GenerateStep,ToProjectilePortalExitStep,ToProjectileSequencer				0	0
lrr	14396	3		fyp	fyp					0	0
lrs	14398	3		fxy	fxy					0	0
lrt	14400	7		gsz,lrg	gsz,lrg,yc	GeneratePortalExitsStep,GenerateStep,ToProjectilePortalExitStep,ToProjectileSequencer				0	0
lru	14402	1			eng					0	0
lry	14407	3		lsd	lsd					0	0
lsa	14410	4		lsd	fnk,lsd					0	0
lsb	14412	3		lsd	lsd					0	0
lsd	14415	1			yc					0	0
lsm	14429	2			fnk,gmv					0	0
lsp	14433	1			fqb					0	0
lsx	14446	4		esg	esg,fqh	GetTextFromURL,LoadGameActivityData,LoadGamesActivitiesLibraries				0	0
lsy	14448	1			fsw					0	0
lsz	14450	3		ltd	ltd					0	0
ltb	14453	6		fsn,ltd	fsn,ltd					0	0
ltd	14456	6		ekj,mt	ekj,mt	ReApplyIconLatter				0	0
lte	14458	1			fud					0	0
ltf	14460	2			eqq,eui					0	0
ltl	14470	2			ehz,ffr					0	0
ltn	14474	2			epj,fud					0	0
ltq	14479	6		eeu,lty	eeu,lty	RefreshPresetNextFrame,RequestChangeToFightPreset,RequestGoBackToCurrentPreset	Fight	LadderAchievementCurrentRequest	RequestGoBackToCurrentPreset	2	2
ltr	14481	3		lty	lty					0	0
ltu	14485	3		lty	lty					0	0
ltw	14488	6		lty,oa	lty,oa					0	0
lty	14491	4		oa	fqu,oa					0	0
lua	14494	2			etu,luw					0	0
lud	14498	6		fzg	eoo,fmc,fzg,luw					0	0
lue	14500	2			fmc,luw					0	0
luf	14502	1			luw					0	0
lug	14504	1			luw					0	0
lui	14507	1			luw					0	0
luk	14510	2			fmc,luw					0	0
lun	14514	3			ejv,fxw,luw					0	0
luo	14516	1			luw					0	0
luq	14519	1			luw					0	0
lur	14521	3			eng,fqw,luw					0	0
lus	14523	1			luw					0	0
luu	14526	1			luw					0	0
lvb	14538	2			ehl,fgv					0	0
lvd	14541	12		lvs,lwk,lyl,lzc	lvs,lwk,lyl,lzc					0	0
lvf	14544	4		lvi	fsd,lvi					0	0
lvg	14546	5		lvi	etu,fwy,lvi					0	0
lvi	14549	1			eqq					0	0
lvm	14555	3		lvo	lvo					0	0
lvo	14558	3		td	td	CreateMaterial,CreateMaterialsForMap,GetTexture,InitMaterial,PopulateRenderData	Map			0	0
lvp	14560	2			fjw,fqh					0	0
lvr	14564	1			eqq					0	0
lvs	14566	7		lvz,lwc	lvz,lwc,so					0	0
lvt	14568	4		lvv	gym,lvv					0	0
lvv	14571	1			fqb					0	0
lvx	14575	3		lvz	lvz					0	0
lwa	14580	5		gsy	eps,fts,gsy					0	0
lwb	14582	2			erd,fqb					0	0
lwc	14584	2			eqq,fpm					0	0
lwd	14586	1			fqb					0	0
lwl	14597	1			fvl					0	0
lwm	14599	3		ns	ns					0	0
lwn	14601	4		fmw	eqq,fmw					0	0
lwq	14605	1			eqq					0	0
lwr	14607	4		lwt	fud,lwt					0	0
lwt	14610	2			eqq,fqu					0	0
lwv	14614	1			zb					0	0
lww	14616	3		fnd	fnd	ApplySolution				0	0
lwx	14618	4		dzq	dzq,eqq	LoadCrashTestDummies				0	0
lwy	14620	1			eqq					0	0
lwz	14622	2			eqq,euu					0	0
lxa	14624	1			eqq					0	0
lxb	14626	2			eqq,fgr					0	0
lxc	14628	3			eqq,fke,fwy					0	0
lxd	14630	9		ekl,ng	ekl,ekz,eqq,fwy,ng	TryConnectLatter				0	0
lxg	14634	3		fky	fky	Preview,ResetInternal				0	0
lxk	14640	1			eqq					0	0
lxl	14642	1			eqq					0	0
lxo	14646	3			eqq,fgr,fsw					0	0
lxp	14648	4		lxr	flc,lxr					0	0
lxr	14651	2			eqq,fnk					0	0
lxu	14657	4		lxw	eui,lxw					0	0
lxy	14663	4		lya	fmv,lya					0	0
lya	14666	1			eqq					0	0
lyb	14668	1			eqq					0	0
lyc	14670	3		lye	lye					0	0
lye	14673	1			eqq					0	0
lyf	14675	4		eqz	eqz,fts	AddClickListener				0	0
lyg	14677	2			eqq,xd					0	0
lyh	14679	3		lyj	lyj					0	0
lyj	14682	2			eqq,etu					0	0
lyk	14684	3		glo	glo	PrepareProcessEnqueued,SendNetworkMessageToClient				0	0
lym	14688	3		glo	glo	PrepareProcessEnqueued,SendNetworkMessageToClient				0	0
lyo	14692	1			eng					0	0
lyr	14696	1			fgv					0	0
lyt	14700	1			eqq					0	0
lyu	14702	4		epw	epw,eqq	FollowObjective,UnfollowObjective				0	0
lyv	14704	1			eqq					0	0
lyz	14710	1			eqq					0	0
lza	14712	3		lzc	lzc					0	0
lzc	14715	15		kzs,lwq,lxb,lxo,lyt	kzs,lwq,lxb,lxo,lyt					0	0
lzd	14717	1			fpm					0	0
lze	14719	1			dyx					0	0
lzg	14722	1			ehl					0	0
lzi	14726	1			ehl					0	0
lzj	14728	3		lzl	lzl					0	0
lzl	14731	3			eor,fqb,fsw					0	0
lzq	14740	4		lzs	eqq,lzs					0	0
lzs	14743	1			eap					0	0
lzv	14747	13		lzn,lzo,lzp,lzs	ba,lzn,lzo,lzp,lzs					0	0
lzx	14750	1			fgv					0	0
lzy	14752	1			fts					0	0
lzz	14754	3		mab	mab					0	0
mab	14757	1			hcf					0	0
mad	14761	2			fgv,fhr					0	0
mae	14763	3		ebu	ebu	DoCurrentMapEvent	Map	MapCurrentEvent	DoCurrentMapEvent	3	2
mag	14767	1			fgv					0	0
mah	14769	1			gax					0	0
mai	14771	1			eoi					0	0
maj	14773	1			fgv					0	0
mak	14775	3		mam	mam					0	0
mam	14778	4		hcl	fgv,hcl					0	0
maq	14782	1			fgv					0	0
mar	14784	1			fgv					0	0
mat	14788	1			dys					0	0
mav	14792	1			fgv					0	0
maz	14796	1			fgv					0	0
mba	14798	4		fpf	fpf,fsd					0	0
mbb	14800	2			evi,fgv					0	0
mbe	14805	3		mbg	mbg					0	0
mbg	14808	1			eui					0	0
mbm	14818	1			fgv					0	0
mbn	14820	1			fxw					0	0
mbo	14822	1			frh					0	0
mbq	14825	2			fgv,fiw					0	0
mbr	14827	4		ftv	eqq,ftv					0	0
mbs	14829	3			fgv,fqu,hv					0	0
mbt	14831	2			fgv,fqb					0	0
mbv	14835	1			fgv					0	0
mby	14839	1			fgv					0	0
mbz	14841	1			fgv					0	0
mca	14843	2			fgv,vz					0	0
mcb	14845	5		fro	fgv,fro,gym					0	0
mce	14850	4		fpn	fgv,fpn	GetTextAsync,LoadExternalConfiguration,PostForm				0	0
mcf	14852	2			fqu,hcf					0	0
mch	14856	2			eui,fgv					0	0
mcl	14862	3			fgv,fts,fzy					0	0
mcm	14864	1			fgv					0	0
mcn	14866	2			ffr,fgv					0	0
mco	14868	1			fgv					0	0
mcr	14872	3			ekz,fgv,fxw					0	0
mcs	14874	1			fys					0	0
mcv	14878	2			fgv,hv					0	0
mcw	14880	2			fgv,vz					0	0
mcx	14882	1			fgv					0	0
mcy	14884	1			eqq					0	0
mcz	14886	1			fhr					0	0
mda	14888	1			fgr					0	0
mde	14893	1			fjw					0	0
mdf	14895	1			fgv					0	0
mdh	14899	3		mdj	mdj					0	0
mdn	14909	7		fyz,mdq	etu,fyz,mdq	Search				0	0
mdq	14913	2			me,so					0	0
mdr	14915	3		mdq	mdq					0	0
mdu	14920	2			fgv,fwy					0	0
mdv	14922	1			fgv					0	0
mdw	14924	2			eqq,fgr					0	0
mdx	14926	5		gsz	fgv,fpm,gsz	GeneratePortalExitsStep,GenerateStep,ToProjectilePortalExitStep,ToProjectileSequencer				0	0
mdz	14930	5		zi	fgv,so,zi	Migrate,PreInit				0	0
mea	14932	1			fke					0	0
mec	14936	1			fgv					0	0
med	14938	1			epj					0	0
mee	14940	3		meg	meg					0	0
meg	14943	5		meb	eps,flc,meb					0	0
meh	14945	1			fgv					0	0
mei	14947	6		kp,mep	kp,mep					0	0
mel	14951	8		kp,mep	epj,fhw,kp,mep					0	0
men	14954	7		kp,mep	fmc,kp,mep					0	0
mep	14957	5		kp	dyx,fgv,kp					0	0
meq	14959	3		fzg	fzg					0	0
mer	14961	1			gzm					0	0
met	14965	1			fgv					0	0
meu	14967	1			fgv					0	0
mew	14970	1			eap					0	0
mez	14974	2			eap,fpm					0	0
mfa	14976	1			eap					0	0
mfb	14978	1			gjo					0	0
mfc	14980	3		mfa	mfa					0	0
mfg	14987	1			epj					0	0
mfj	14991	3		mfl	mfl					0	0
mfl	14994	9		mfg,mfo,mgb	mfg,mfo,mgb					0	0
mfm	14996	1			xd					0	0
mfn	14998	10		mft,mfu,mgc	fxw,mft,mfu,mgc					0	0
mfo	15000	1			epj					0	0
mfq	15004	3		mfs	mfs					0	0
mfs	15007	1			epj					0	0
mft	15009	2			epj,fys					0	0
mfu	15011	1			epj					0	0
mfv	15013	4		mfx	eps,mfx					0	0
mfx	15016	5		glo	epj,fgr,glo	PrepareProcessEnqueued,SendNetworkMessageToClient				0	0
mfy	15018	5		mga	ekz,eor,mga					0	0
mgb	15023	1			epj					0	0
mgc	15025	5		dzk	dzk,epj,eui	ParseItems	Item			0	0
mgf	15029	4		mgh	fvl,mgh					0	0
mgh	15032	5		hbn	dyx,eui,hbn	SendPeriodicPreventionAlerts				0	0
mgk	15036	5		fyo	dyx,fqh,fyo					0	0
mgl	15038	3		mgn	mgn					0	0
mgn	15041	3			dyx,frx,fsd					0	0
mgr	15047	4		mgt	eqq,mgt					0	0
mgt	15050	1			dys					0	0
mgv	15053	3		mgx	mgx					0	0
mgy	15058	1			etu					0	0
mgz	15060	2			dys,fqb					0	0
mhc	15064	2			dyx,fwy					0	0
mhh	38966	10		gka,gke,gkg	gjo,gka,gke,gkg					0	0
mhj	38969	3		mhh	mhh					0	0
mhl	38972	8		gkg,mhh	ffr,fts,gkg,mhh					0	0
mhn	38975	6		gka,mhh	gka,mhh					0	0
mho	38977	5		la	fmc,la,mhj					0	0
mhp	38979	3			flc,fvl,mhl					0	0
mhq	38981	7		hdo,mhn	fqu,hdo,mhn	LoadMapAssetAsync	Map			0	0
mhs	38984	3			eui,fsw,mhj					0	0
mht	38986	4		mhv	epd,mhv					0	0
mhv	38989	3		mhs	mhs					0	0
mhw	38991	3		mhs	mhs					0	0
mhy	38994	2			gzm,mig					0	0
mia	38997	2			dys,mig					0	0
mie	39001	10		bdi,bdk	bdi,bdk,dys,fgv,fpm,mig					0	0
mig	39004	9		bdi,bdk	bdi,bdk,dys,fpm,mhl					0	0
mih	39006	2			frh,mhj					0	0
mik	39010	3		mim	mim					0	0
mim	39013	1			mhl					0	0
mio	39015	3		miq	miq					0	0
miq	39018	4		mja	mig,mja					0	0
mit	39022	9		bed,mhq,miq	bed,mhq,miq					0	0
miw	39026	3		mit	mit					0	0
mix	39028	1			mhj					0	0
miz	39031	1			mhl					0	0
mja	39033	5		miz	dys,mig,miz					0	0
mjb	39035	6		miz	dys,fpm,miz,so					0	0
mjc	39037	3			dyx,gym,mhj					0	0
mjg	39042	3		mit	mit					0	0
mjh	39044	1			mhj					0	0
mjk	39048	5		mjo	eui,ftn,mjo					0	0
mjm	39051	3		mjo	mjo					0	0
mjo	39054	1			mhl					0	0
mjp	39056	4		eeu	eeu,mhj	RefreshPresetNextFrame,RequestChangeToFightPreset,RequestGoBackToCurrentPreset	Fight	LadderAchievementCurrentRequest	RequestGoBackToCurrentPreset	2	2
mjr	39059	3		mjw	mjw					0	0
mju	39063	8		enp,mjw	ecv,enp,fud,mjw	LoadArrow				0	0
mjw	39066	1			mhl					0	0
mjx	39068	2			fnk,mig					0	0
