nature	nom	id_a	id_b	delta_champs	delta_ordre	version_a	version_b
AJOUTE	AbstractPartyMemberInFightMessage		6938			242	273
AJOUTE	AccountInformationsUpdateMessage		4545			242	273
AJOUTE	AccountSubscriptionElapsedDurationMessage		5336			242	273
AJOUTE	AchievementAlmostFinishedDetailedListMessage		1205			242	273
AJOUTE	AchievementAlmostFinishedDetailedListRequestMessage		9909			242	273
AJOUTE	AchievementsPioneerRanksMessage		3443			242	273
AJOUTE	AchievementsPioneerRanksRequestMessage		518			242	273
AJOUTE	AcquaintanceAddedMessage		2270			242	273
AJOUTE	AcquaintancesGetListMessage		4481			242	273
AJOUTE	AcquaintancesListMessage		5647			242	273
AJOUTE	ActivityHideRequestMessage		5903			242	273
AJOUTE	ActivityLockRequestMessage		5738			242	273
AJOUTE	ActivitySuggestionsMessage		5717			242	273
AJOUTE	ActivitySuggestionsRequestMessage		5447			242	273
AJOUTE	AddListenerOnSynchronizedStorageMessage		1826			242	273
AJOUTE	AddTaxCollectorOrderedSpellMessage		8298			242	273
AJOUTE	AddTaxCollectorPresetSpellMessage		6564			242	273
AJOUTE	AlignmentWarEffortDonatePreviewMessage		7642			242	273
AJOUTE	AlignmentWarEffortDonateRequestMessage		5431			242	273
AJOUTE	AlignmentWarEffortDonationResultMessage		1517			242	273
AJOUTE	AlignmentWarEffortProgressionMessage		2045			242	273
AJOUTE	AlignmentWarEffortProgressionRequestMessage		4321			242	273
AJOUTE	AllianceAllRanksUpdateRequestMessage		1620			242	273
AJOUTE	AllianceApplicationAnswerMessage		9692			242	273
AJOUTE	AllianceApplicationDeletedMessage		8801			242	273
AJOUTE	AllianceApplicationIsAnsweredMessage		4844			242	273
AJOUTE	AllianceApplicationListenMessage		8909			242	273
AJOUTE	AllianceApplicationPresenceMessage		8886			242	273
AJOUTE	AllianceApplicationReceivedMessage		1686			242	273
AJOUTE	AllianceChangeMemberRankMessage		1892			242	273
AJOUTE	AllianceDeleteApplicationRequestMessage		6027			242	273
AJOUTE	AllianceFightFighterAddedMessage		5310			242	273
AJOUTE	AllianceFightFighterRemovedMessage		944			242	273
AJOUTE	AllianceFightFinishedMessage		1947			242	273
AJOUTE	AllianceFightInfoMessage		5386			242	273
AJOUTE	AllianceFightPhaseUpdateMessage		1193			242	273
AJOUTE	AllianceFightStartedMessage		9676			242	273
AJOUTE	AllianceGetPlayerApplicationMessage		3631			242	273
AJOUTE	AllianceGetRecruitmentInformationMessage		1212			242	273
AJOUTE	AllianceIsThereAnyApplicationMessage		8505			242	273
AJOUTE	AllianceJoinAutomaticallyRequestMessage		468			242	273
AJOUTE	AllianceListApplicationAnswerMessage		3610			242	273
AJOUTE	AllianceListApplicationModifiedMessage		3470			242	273
AJOUTE	AllianceListApplicationRequestMessage		7241			242	273
AJOUTE	AllianceMemberInformationUpdateMessage		3877			242	273
AJOUTE	AllianceMemberLeavingMessage		626			242	273
AJOUTE	AllianceMemberOnlineStatusMessage		5529			242	273
AJOUTE	AllianceMemberStartWarningOnConnectionMessage		3707			242	273
AJOUTE	AllianceMemberStopWarningOnConnectionMessage		1134			242	273
AJOUTE	AllianceModificationResultMessage		3693			242	273
AJOUTE	AlliancePlayerApplicationAbstractMessage		4969			242	273
AJOUTE	AlliancePlayerApplicationInformationMessage		9706			242	273
AJOUTE	AlliancePlayerNoApplicationInformationMessage		7142			242	273
AJOUTE	AllianceRankCreateRequestMessage		9486			242	273
AJOUTE	AllianceRankRemoveRequestMessage		3428			242	273
AJOUTE	AllianceRankUpdateRequestMessage		64			242	273
AJOUTE	AllianceRanksMessage		4427			242	273
AJOUTE	AllianceRanksRequestMessage		7629			242	273
AJOUTE	AllianceRecruitmentInformationMessage		977			242	273
AJOUTE	AllianceRecruitmentInvalidateMessage		523			242	273
AJOUTE	AllianceRightsUpdateMessage		5154			242	273
AJOUTE	AllianceSubmitApplicationMessage		5885			242	273
AJOUTE	AllianceSummaryMessage		2436			242	273
AJOUTE	AllianceSummaryRequestMessage		4007			242	273
AJOUTE	AllianceUpdateApplicationMessage		8299			242	273
AJOUTE	AllianceUpdateRecruitmentInformationMessage		5387			242	273
AJOUTE	AlterationAddedMessage		8844			242	273
AJOUTE	AlterationRemovedMessage		9284			242	273
AJOUTE	AlterationsMessage		7721			242	273
AJOUTE	AlterationsUpdatedMessage		563			242	273
AJOUTE	AnomalyOpenedMessage		1124			242	273
AJOUTE	AnomalyStateMessage		9316			242	273
AJOUTE	AnomalySubareaInformationRequestMessage		7452			242	273
AJOUTE	AnomalySubareaInformationResponseMessage		9235			242	273
AJOUTE	ApplySpellModifierMessage		1373			242	273
AJOUTE	ArenaFightAnswerAcknowledgementMessage		2033			242	273
AJOUTE	ArenaFighterIdleMessage		1701			242	273
AJOUTE	BreachBonusMessage		427			242	273
AJOUTE	BreachBranchesMessage		1486			242	273
AJOUTE	BreachBudgetMessage		9989			242	273
AJOUTE	BreachCharactersMessage		6556			242	273
AJOUTE	BreachEnterMessage		9138			242	273
AJOUTE	BreachExitRequestMessage		6366			242	273
AJOUTE	BreachExitResponseMessage		6746			242	273
AJOUTE	BreachGameFightEndMessage		9314			242	273
AJOUTE	BreachInvitationAnswerMessage		2262			242	273
AJOUTE	BreachInvitationCloseMessage		6049			242	273
AJOUTE	BreachInvitationOfferMessage		5842			242	273
AJOUTE	BreachInvitationRequestMessage		4414			242	273
AJOUTE	BreachInvitationResponseMessage		9260			242	273
AJOUTE	BreachKickRequestMessage		4588			242	273
AJOUTE	BreachKickResponseMessage		5018			242	273
AJOUTE	BreachRewardBoughtMessage		560			242	273
AJOUTE	BreachRewardBuyMessage		3872			242	273
AJOUTE	BreachRewardsMessage		1741			242	273
AJOUTE	BreachRoomLockedMessage		8241			242	273
AJOUTE	BreachRoomUnlockRequestMessage		5483			242	273
AJOUTE	BreachRoomUnlockResultMessage		7028			242	273
AJOUTE	BreachSavedMessage		21			242	273
AJOUTE	BreachStateMessage		8989			242	273
AJOUTE	BreachTeleportRequestMessage		2317			242	273
AJOUTE	BreachTeleportResponseMessage		1178			242	273
AJOUTE	ChallengeAddMessage		8563			242	273
AJOUTE	ChallengeBonusChoiceMessage		2271			242	273
AJOUTE	ChallengeBonusChoiceSelectedMessage		4926			242	273
AJOUTE	ChallengeListMessage		4436			242	273
AJOUTE	ChallengeModSelectMessage		4455			242	273
AJOUTE	ChallengeModSelectedMessage		4667			242	273
AJOUTE	ChallengeNumberMessage		2779			242	273
AJOUTE	ChallengeProposalMessage		8830			242	273
AJOUTE	ChallengeReadyMessage		9700			242	273
AJOUTE	ChallengeSelectedMessage		8045			242	273
AJOUTE	ChallengeSelectionMessage		5920			242	273
AJOUTE	ChallengeTargetsMessage		9097			242	273
AJOUTE	ChallengeTargetsRequestMessage		2450			242	273
AJOUTE	ChallengeValidateMessage		8427			242	273
AJOUTE	CharacterAlignmentWarEffortProgressionMessage		2916			242	273
AJOUTE	CharacterAlignmentWarEffortProgressionRequestMessage		946			242	273
AJOUTE	CharacterDeletionPrepareMessage		5348			242	273
AJOUTE	CharacterDeletionPrepareRequestMessage		3535			242	273
AJOUTE	ChatKolizeumServerMessage		942			242	273
AJOUTE	ConfirmationOfListeningTaxCollectorUpdatesMessage		1625			242	273
AJOUTE	ConsoleEndMessage		9802			242	273
AJOUTE	ConsumeAllGameActionItemMessage		3120			242	273
AJOUTE	ConsumeGameActionItemMessage		2113			242	273
AJOUTE	ContactAddFailureMessage		2506			242	273
AJOUTE	CreateGuildRankRequestMessage		1740			242	273
AJOUTE	CurrentMapInstanceMessage		5476			242	273
AJOUTE	DebtsDeleteMessage		7828			242	273
AJOUTE	DebtsUpdateMessage		8856			242	273
AJOUTE	DiceRollRequestMessage		8901			242	273
AJOUTE	DumpedEntityStatsMessage		2370			242	273
AJOUTE	EntitiesInformationMessage		266			242	273
AJOUTE	EntityInformationMessage		6850			242	273
AJOUTE	EvolutiveObjectRecycleResultMessage		5637			242	273
AJOUTE	ExchangeHandleMountsMessage		3319			242	273
AJOUTE	ExchangeMoneyMovementInformationMessage		6145			242	273
AJOUTE	ExchangeObjectMoveToTabMessage		1002			242	273
AJOUTE	ExchangeStartOkEvolutiveObjectRecycleTradeMessage		9395			242	273
AJOUTE	ExchangeStartedTaxCollectorEquipmentMessage		9293			242	273
AJOUTE	ExchangeStartedWithMultiTabStorageMessage		4135			242	273
AJOUTE	ExchangeTaxCollectorGetMessage		3970			242	273
AJOUTE	ForceAccountErrorMessage		5352			242	273
AJOUTE	ForceAccountMessage		5654			242	273
AJOUTE	ForceAccountStatusMessage		25			242	273
AJOUTE	ForgettableSpellClientActionMessage		5459			242	273
AJOUTE	ForgettableSpellDeleteMessage		4353			242	273
AJOUTE	ForgettableSpellEquipmentSlotsMessage		41			242	273
AJOUTE	ForgettableSpellListUpdateMessage		6155			242	273
AJOUTE	FriendSetStatusShareMessage		5816			242	273
AJOUTE	FriendStatusShareStateMessage		8565			242	273
AJOUTE	GameActionFightMultipleSummonMessage		8549			242	273
AJOUTE	GameActionItemAddMessage		8509			242	273
AJOUTE	GameActionItemConsumedMessage		5525			242	273
AJOUTE	GameActionItemListMessage		6041			242	273
AJOUTE	GameActionSpamMessage		9805			242	273
AJOUTE	GameActionUpdateEffectTriggerCountMessage		6014			242	273
AJOUTE	GameFightPauseMessage		1045			242	273
AJOUTE	GameRolePlayArenaInvitationCandidatesAnswerMessage		953			242	273
AJOUTE	GameRolePlayArenaLeagueRewardsMessage		7599			242	273
AJOUTE	GameRolePlayArenaPlayerBehavioursMessage		1302			242	273
AJOUTE	GameRolePlayArenaRegistrationWarningMessage		8542			242	273
AJOUTE	GameRolePlayMonsterAngryAtPlayerMessage		9879			242	273
AJOUTE	GameRolePlayMonsterNotAngryAtPlayerMessage		5585			242	273
AJOUTE	GroupTeleportPlayerAnswerMessage		1816			242	273
AJOUTE	GroupTeleportPlayerCloseMessage		2716			242	273
AJOUTE	GroupTeleportPlayerOfferMessage		3076			242	273
AJOUTE	GuildApplicationAnswerMessage		3927			242	273
AJOUTE	GuildApplicationDeletedMessage		8782			242	273
AJOUTE	GuildApplicationIsAnsweredMessage		3637			242	273
AJOUTE	GuildApplicationListenMessage		5367			242	273
AJOUTE	GuildApplicationPresenceMessage		9885			242	273
AJOUTE	GuildApplicationReceivedMessage		8148			242	273
AJOUTE	GuildChestTabContributionMessage		8050			242	273
AJOUTE	GuildChestTabContributionsMessage		753			242	273
AJOUTE	GuildChestTabLastContributionMessage		683			242	273
AJOUTE	GuildDeleteApplicationRequestMessage		7132			242	273
AJOUTE	GuildGetChestTabContributionsRequestMessage		5518			242	273
AJOUTE	GuildGetPlayerApplicationMessage		5398			242	273
AJOUTE	GuildIsThereAnyApplicationMessage		5069			242	273
AJOUTE	GuildJoinAutomaticallyRequestMessage		2737			242	273
AJOUTE	GuildListApplicationAnswerMessage		948			242	273
AJOUTE	GuildListApplicationModifiedMessage		7224			242	273
AJOUTE	GuildListApplicationRequestMessage		695			242	273
AJOUTE	GuildLogbookInformationMessage		7376			242	273
AJOUTE	GuildLogbookInformationRequestMessage		319			242	273
AJOUTE	GuildMemberStartWarnOnConnectionMessage		6143			242	273
AJOUTE	GuildMemberStopWarnOnConnectionMessage		8625			242	273
AJOUTE	GuildModificationResultMessage		775			242	273
AJOUTE	GuildPlayerApplicationAbstractMessage		4745			242	273
AJOUTE	GuildPlayerApplicationInformationMessage		656			242	273
AJOUTE	GuildPlayerNoApplicationInformationMessage		6961			242	273
AJOUTE	GuildRanksMessage		3908			242	273
AJOUTE	GuildRanksRequestMessage		5381			242	273
AJOUTE	GuildRecruitmentInvalidateMessage		5184			242	273
AJOUTE	GuildSelectChestTabRequestMessage		7367			242	273
AJOUTE	GuildSubmitApplicationMessage		2378			242	273
AJOUTE	GuildSummaryMessage		156			242	273
AJOUTE	GuildSummaryRequestMessage		1163			242	273
AJOUTE	GuildUpdateApplicationMessage		7570			242	273
AJOUTE	GuildUpdateChestTabRequestMessage		6464			242	273
AJOUTE	GuildUpdateNoteMessage		7051			242	273
AJOUTE	HaapiAuthErrorMessage		349			242	273
AJOUTE	HaapiBufferListMessage		3			242	273
AJOUTE	HaapiBufferListRequestMessage		4581			242	273
AJOUTE	HaapiBuyValidationMessage		1448			242	273
AJOUTE	HaapiCancelBidRequestMessage		6447			242	273
AJOUTE	HaapiConfirmationMessage		5031			242	273
AJOUTE	HaapiConfirmationRequestMessage		7674			242	273
AJOUTE	HaapiConsumeBufferRequestMessage		2127			242	273
AJOUTE	HaapiSessionMessage		4199			242	273
AJOUTE	HaapiShopApiKeyMessage		1934			242	273
AJOUTE	HaapiShopApiKeyRequestMessage		9104			242	273
AJOUTE	HaapiValidationMessage		7090			242	273
AJOUTE	HaapiValidationRequestMessage		2930			242	273
AJOUTE	HavenBagRoomUpdateMessage		5461			242	273
AJOUTE	IconNamedPresetSaveRequestMessage		6922			242	273
AJOUTE	IconPresetSaveRequestMessage		6591			242	273
AJOUTE	InvalidPresetsMessage		1001			242	273
AJOUTE	ItemForPresetUpdateMessage		6815			242	273
AJOUTE	KnownZaapListMessage		5253			242	273
AJOUTE	KothEndMessage		506			242	273
AJOUTE	ListMapNpcsQuestStatusUpdateMessage		5023			242	273
AJOUTE	ListenersOfSynchronizedStorageMessage		8036			242	273
AJOUTE	MapComplementaryInformationsAnomalyMessage		7688			242	273
AJOUTE	MapComplementaryInformationsBreachMessage		4428			242	273
AJOUTE	MoveTaxCollectorOrderedSpellMessage		8918			242	273
AJOUTE	MoveTaxCollectorPresetSpellMessage		6548			242	273
AJOUTE	MultiTabStorageMessage		7356			242	273
AJOUTE	NuggetsDistributionMessage		3417			242	273
AJOUTE	NuggetsInformationMessage		5214			242	273
AJOUTE	OpenGuideBookMessage		9970			242	273
AJOUTE	OpponentSurrenderMessage		6059			242	273
AJOUTE	OrnamentLostMessage		2799			242	273
AJOUTE	PaginationAnswerAbstractMessage		1468			242	273
AJOUTE	PaginationRequestAbstractMessage		6633			242	273
AJOUTE	PartyEntityUpdateLightMessage		2046			242	273
AJOUTE	PartyMemberInBreachFightMessage		2380			242	273
AJOUTE	PartyMemberInStandardFightMessage		8285			242	273
AJOUTE	PopupWarningCloseRequestMessage		663			242	273
AJOUTE	PopupWarningClosedMessage		2757			242	273
AJOUTE	PortalDialogCreationMessage		6302			242	273
AJOUTE	PresetDeleteRequestMessage		7052			242	273
AJOUTE	PresetDeleteResultMessage		6319			242	273
AJOUTE	PresetSaveErrorMessage		7630			242	273
AJOUTE	PresetSavedMessage		889			242	273
AJOUTE	PresetUseRequestMessage		7506			242	273
AJOUTE	PresetUseResultMessage		799			242	273
AJOUTE	PresetUseResultWithMissingIdsMessage		5059			242	273
AJOUTE	PresetsMessage		8873			242	273
AJOUTE	PrismAddOrUpdateMessage		1525			242	273
AJOUTE	PrismAttackResultMessage		8541			242	273
AJOUTE	PrismAttackedMessage		48			242	273
AJOUTE	PrismExchangeRequestMessage		1588			242	273
AJOUTE	PrismRecycleTradeRequestMessage		299			242	273
AJOUTE	PrismRemoveMessage		4672			242	273
AJOUTE	PrismTeleportationRequestMessage		7355			242	273
AJOUTE	RecruitmentInformationMessage		8248			242	273
AJOUTE	ReleaseAccountMessage		3259			242	273
AJOUTE	RemoveGuildRankRequestMessage		5524			242	273
AJOUTE	RemoveListenerOnSynchronizedStorageMessage		91			242	273
AJOUTE	RemoveSpellModifierMessage		194			242	273
AJOUTE	RemoveTaxCollectorOrderedSpellMessage		9951			242	273
AJOUTE	RemoveTaxCollectorPresetSpellMessage		5781			242	273
AJOUTE	ReportRequestMessage		8254			242	273
AJOUTE	ReportResponseMessage		8138			242	273
AJOUTE	ResetCharacterStatsRequestMessage		7045			242	273
AJOUTE	SlaveNoLongerControledMessage		1268			242	273
AJOUTE	SocialFightJoinRequestMessage		335			242	273
AJOUTE	SocialFightLeaveRequestMessage		995			242	273
AJOUTE	SocialFightTakePlaceRequestMessage		7755			242	273
AJOUTE	StartExchangeTaxCollectorEquipmentMessage		878			242	273
AJOUTE	StartGuildChestContributionMessage		9862			242	273
AJOUTE	StartListenAllianceFightMessage		448			242	273
AJOUTE	StartListenGuildChestStructureMessage		9892			242	273
AJOUTE	StartListenNuggetsMessage		4559			242	273
AJOUTE	StartListenTaxCollectorPresetsUpdatesMessage		3876			242	273
AJOUTE	StartListenTaxCollectorUpdatesMessage		659			242	273
AJOUTE	StopGuildChestContributionMessage		1053			242	273
AJOUTE	StopListenAllianceFightMessage		6339			242	273
AJOUTE	StopListenGuildChestStructureMessage		3081			242	273
AJOUTE	StopListenNuggetsMessage		4818			242	273
AJOUTE	StopListenTaxCollectorPresetsUpdatesMessage		4043			242	273
AJOUTE	StopListenTaxCollectorUpdatesMessage		4576			242	273
AJOUTE	SubareaRewardRateMessage		1678			242	273
AJOUTE	SurrenderInfoRequestMessage		4015			242	273
AJOUTE	SurrenderInfoResponseMessage		99			242	273
AJOUTE	SurrenderStateMessage		6944			242	273
AJOUTE	SurrenderVoteCastMessage		4209			242	273
AJOUTE	SurrenderVoteEndMessage		6083			242	273
AJOUTE	SurrenderVoteStartMessage		6177			242	273
AJOUTE	SurrenderVoteUpdateMessage		6154			242	273
AJOUTE	SwitchArenaXpRewardsModeMessage		4870			242	273
AJOUTE	TaxCollectorAddedMessage		7370			242	273
AJOUTE	TaxCollectorEquipmentUpdateMessage		2451			242	273
AJOUTE	TaxCollectorHarvestedMessage		3704			242	273
AJOUTE	TaxCollectorOrderedSpellUpdatedMessage		2428			242	273
AJOUTE	TaxCollectorPresetSpellUpdatedMessage		2628			242	273
AJOUTE	TaxCollectorPresetsMessage		9900			242	273
AJOUTE	TaxCollectorRemovedMessage		2310			242	273
AJOUTE	TeleportDestinationsMessage		7615			242	273
AJOUTE	TeleportPlayerAnswerMessage		4603			242	273
AJOUTE	TeleportPlayerCloseMessage		4378			242	273
AJOUTE	TeleportPlayerOfferMessage		9777			242	273
AJOUTE	UpdateAllGuildRankRequestMessage		1965			242	273
AJOUTE	UpdateGuildRankRequestMessage		9846			242	273
AJOUTE	UpdateGuildRightsMessage		3888			242	273
AJOUTE	UpdateMountCharacteristicsMessage		1346			242	273
AJOUTE	UpdateRecruitmentInformationMessage		691			242	273
AJOUTE	WatchInventoryContentMessage		8887			242	273
AJOUTE	WatchQuestListMessage		5644			242	273
AJOUTE	WatchQuestStepInfoMessage		141			242	273
AJOUTE	WatchQuestStepInfoRequestMessage		4330			242	273
AJOUTE	ZaapDestinationsMessage		9132			242	273
RETIRE	AbstractPresetDeleteMessage	6735				242	273
RETIRE	AbstractPresetSaveMessage	6736				242	273
RETIRE	AbstractPresetSaveResultMessage	6734				242	273
RETIRE	AbstractTaxCollectorListMessage	6568				242	273
RETIRE	AggregateStatMessage	6669				242	273
RETIRE	AggregateStatWithDataMessage	6662				242	273
RETIRE	AllianceChangeGuildRightsMessage	6426				242	273
RETIRE	AllianceGuildLeavingMessage	6399				242	273
RETIRE	AllianceTaxCollectorDialogQuestionExtendedMessage	6445				242	273
RETIRE	AllianceVersatileInfoListMessage	6436				242	273
RETIRE	BasicCharactersListMessage	6475				242	273
RETIRE	ChallengeInfoMessage	6022				242	273
RETIRE	ChallengeTargetUpdateMessage	6123				242	273
RETIRE	ChallengeTargetsListMessage	5613				242	273
RETIRE	ChallengeTargetsListRequestMessage	5614				242	273
RETIRE	CharacterReportMessage	6079				242	273
RETIRE	CharactersListWithModificationsMessage	6120				242	273
RETIRE	ChatMessageReportMessage	821				242	273
RETIRE	ComicReadingBeginMessage	6536				242	273
RETIRE	DareCancelRequestMessage	6680				242	273
RETIRE	DareCanceledMessage	6679				242	273
RETIRE	DareCreatedListMessage	6663				242	273
RETIRE	DareCreatedMessage	6668				242	273
RETIRE	DareCreationRequestMessage	6665				242	273
RETIRE	DareErrorMessage	6667				242	273
RETIRE	DareInformationsMessage	6656				242	273
RETIRE	DareInformationsRequestMessage	6659				242	273
RETIRE	DareListMessage	6661				242	273
RETIRE	DareRewardConsumeRequestMessage	6676				242	273
RETIRE	DareRewardConsumeValidationMessage	6675				242	273
RETIRE	DareRewardWonMessage	6678				242	273
RETIRE	DareRewardsListMessage	6677				242	273
RETIRE	DareSubscribeRequestMessage	6666				242	273
RETIRE	DareSubscribedListMessage	6658				242	273
RETIRE	DareSubscribedMessage	6660				242	273
RETIRE	DareVersatileListMessage	6657				242	273
RETIRE	DareWonListMessage	6682				242	273
RETIRE	DareWonMessage	6681				242	273
RETIRE	DownloadCurrentSpeedMessage	1511				242	273
RETIRE	DownloadErrorMessage	1513				242	273
RETIRE	DownloadGetCurrentSpeedRequestMessage	1510				242	273
RETIRE	DownloadPartMessage	1503				242	273
RETIRE	DownloadSetSpeedRequestMessage	1512				242	273
RETIRE	ExchangeCraftInformationObjectMessage	5794				242	273
RETIRE	ExchangeGuildTaxCollectorGetMessage	5762				242	273
RETIRE	ExchangeHandleMountsStableMessage	6562				242	273
RETIRE	ExchangeOnHumanVendorRequestMessage	5772				242	273
RETIRE	ExchangeReplyTaxVendorMessage	5787				242	273
RETIRE	ExchangeRequestOnShopStockMessage	5753				242	273
RETIRE	ExchangeShopStockMovementRemovedMessage	5907				242	273
RETIRE	ExchangeShopStockMovementUpdatedMessage	5909				242	273
RETIRE	ExchangeShopStockMultiMovementRemovedMessage	6037				242	273
RETIRE	ExchangeShopStockMultiMovementUpdatedMessage	6038				242	273
RETIRE	ExchangeShopStockStartedMessage	5910				242	273
RETIRE	ExchangeShowVendorTaxMessage	5783				242	273
RETIRE	ExchangeStartAsVendorMessage	5775				242	273
RETIRE	ExchangeStartOkHumanVendorMessage	5767				242	273
RETIRE	GameRolePlayArenaUpdatePlayerInfosAllQueuesMessage	6728				242	273
RETIRE	GetPartInfoMessage	1506				242	273
RETIRE	GetPartsListMessage	1501				242	273
RETIRE	GuildFightJoinRequestMessage	5717				242	273
RETIRE	GuildFightLeaveRequestMessage	5715				242	273
RETIRE	GuildFightPlayersEnemiesListMessage	5928				242	273
RETIRE	GuildFightPlayersEnemyRemoveMessage	5929				242	273
RETIRE	GuildFightPlayersHelpersJoinMessage	5720				242	273
RETIRE	GuildFightPlayersHelpersLeaveMessage	5719				242	273
RETIRE	GuildFightTakePlaceRequestMessage	6235				242	273
RETIRE	GuildInAllianceFactsMessage	6422				242	273
RETIRE	GuildInfosUpgradeMessage	5636				242	273
RETIRE	GuildInvitationByNameMessage	6115				242	273
RETIRE	GuildMemberSetWarnOnConnectionMessage	6159				242	273
RETIRE	GuildMemberWarnOnConnectionStateMessage	6160				242	273
RETIRE	GuildVersatileInfoListMessage	6435				242	273
RETIRE	HouseKickIndoorMerchantRequestMessage	5661				242	273
RETIRE	IdentificationAccountForceMessage	6119				242	273
RETIRE	IdolFightPreparationUpdateMessage	6586				242	273
RETIRE	IdolListMessage	6585				242	273
RETIRE	IdolPartyLostMessage	6580				242	273
RETIRE	IdolPartyRefreshMessage	6583				242	273
RETIRE	IdolPartyRegisterRequestMessage	6582				242	273
RETIRE	IdolSelectErrorMessage	6584				242	273
RETIRE	IdolSelectRequestMessage	6587				242	273
RETIRE	IdolSelectedMessage	6581				242	273
RETIRE	IdolsPresetDeleteMessage	6602				242	273
RETIRE	IdolsPresetDeleteResultMessage	6605				242	273
RETIRE	IdolsPresetSaveMessage	6603				242	273
RETIRE	IdolsPresetSaveResultMessage	6604				242	273
RETIRE	IdolsPresetUpdateMessage	6606				242	273
RETIRE	IdolsPresetUseMessage	6615				242	273
RETIRE	IdolsPresetUseResultMessage	6614				242	273
RETIRE	InventoryContentAndPresetMessage	6162				242	273
RETIRE	InventoryPresetDeleteMessage	6169				242	273
RETIRE	InventoryPresetDeleteResultMessage	6173				242	273
RETIRE	InventoryPresetItemUpdateErrorMessage	6211				242	273
RETIRE	InventoryPresetItemUpdateMessage	6168				242	273
RETIRE	InventoryPresetItemUpdateRequestMessage	6210				242	273
RETIRE	InventoryPresetSaveCustomMessage	6329				242	273
RETIRE	InventoryPresetSaveMessage	6165				242	273
RETIRE	InventoryPresetSaveResultMessage	6170				242	273
RETIRE	InventoryPresetUpdateMessage	6171				242	273
RETIRE	InventoryPresetUseMessage	6167				242	273
RETIRE	InventoryPresetUseResultMessage	6163				242	273
RETIRE	KrosmasterInventoryErrorMessage	6343				242	273
RETIRE	KrosmasterInventoryMessage	6350				242	273
RETIRE	KrosmasterInventoryRequestMessage	6344				242	273
RETIRE	KrosmasterPlayingStatusMessage	6347				242	273
RETIRE	KrosmasterTransferMessage	6348				242	273
RETIRE	KrosmasterTransferRequestMessage	6349				242	273
RETIRE	MailStatusMessage	6275				242	273
RETIRE	MapNpcsQuestStatusUpdateMessage	5642				242	273
RETIRE	NewMailMessage	6292				242	273
RETIRE	PartInfoMessage	1508				242	273
RETIRE	PartsListMessage	1502				242	273
RETIRE	PartyCompanionUpdateLightMessage	6472				242	273
RETIRE	PartyMemberInFightMessage	6342				242	273
RETIRE	PrismFightAddedMessage	6452				242	273
RETIRE	PrismFightAttackerAddMessage	5893				242	273
RETIRE	PrismFightAttackerRemoveMessage	5897				242	273
RETIRE	PrismFightDefenderAddMessage	5895				242	273
RETIRE	PrismFightDefenderLeaveMessage	5892				242	273
RETIRE	PrismFightJoinLeaveRequestMessage	5843				242	273
RETIRE	PrismFightRemovedMessage	6453				242	273
RETIRE	PrismFightStateUpdateMessage	6040				242	273
RETIRE	PrismFightSwapRequestMessage	5901				242	273
RETIRE	PrismInfoCloseMessage	5853				242	273
RETIRE	PrismInfoInValidMessage	5859				242	273
RETIRE	PrismInfoJoinLeaveRequestMessage	5844				242	273
RETIRE	PrismModuleExchangeRequestMessage	6531				242	273
RETIRE	PrismSetSabotagedRefusedMessage	6466				242	273
RETIRE	PrismSetSabotagedRequestMessage	6468				242	273
RETIRE	PrismSettingsErrorMessage	6442				242	273
RETIRE	PrismSettingsRequestMessage	6437				242	273
RETIRE	PrismUseRequestMessage	6041				242	273
RETIRE	PrismsInfoValidMessage	6451				242	273
RETIRE	PrismsListRegisterMessage	6441				242	273
RETIRE	PrismsListUpdateMessage	6438				242	273
RETIRE	RoomAvailableUpdateMessage	6630				242	273
RETIRE	SpellItemBoostMessage	6011				242	273
RETIRE	SpellModifyFailureMessage	6653				242	273
RETIRE	SpellModifyRequestMessage	6655				242	273
RETIRE	SpellModifySuccessMessage	6654				242	273
RETIRE	StartupActionAddMessage	6538				242	273
RETIRE	StartupActionFinishedMessage	1304				242	273
RETIRE	StartupActionsAllAttributionMessage	6537				242	273
RETIRE	StartupActionsExecuteMessage	1302				242	273
RETIRE	StartupActionsListMessage	1301				242	273
RETIRE	StartupActionsObjetAttributionMessage	1303				242	273
RETIRE	SubscriptionUpdateMessage	6616				242	273
RETIRE	TaxCollectorListMessage	5930				242	273
RETIRE	TaxCollectorMovementAddMessage	5917				242	273
RETIRE	TaxCollectorMovementMessage	5633				242	273
RETIRE	TaxCollectorMovementRemoveMessage	5915				242	273
RETIRE	TeleportDestinationsListMessage	5960				242	273
RETIRE	TreasureHuntRequestMessage	6488				242	273
RETIRE	URLOpenMessage	6266				242	273
RETIRE	UpdateMountBoostMessage	6179				242	273
RETIRE	ZaapListMessage	1604				242	273
RENUMEROTE	AbstractGameActionFightTargetedAbilityMessage	6118	5172			242	273
RENUMEROTE	AbstractGameActionMessage	1000	9631			242	273
RENUMEROTE	AbstractGameActionWithAckMessage	1001	1587			242	273
RENUMEROTE	AbstractPartyEventMessage	6273	5451			242	273
RENUMEROTE	AbstractPartyMessage	6274	2039			242	273
RENUMEROTE	AccessoryPreviewErrorMessage	6521	9621			242	273
RENUMEROTE	AccessoryPreviewMessage	6517	1503			242	273
RENUMEROTE	AccountHouseMessage	6315	7345			242	273
RENUMEROTE	AccountLinkRequiredMessage	6607	590			242	273
RENUMEROTE	AccountLoggingKickedMessage	6029	2295			242	273
RENUMEROTE	AchievementDetailedListMessage	6358	2020			242	273
RENUMEROTE	AchievementDetailedListRequestMessage	6357	7960			242	273
RENUMEROTE	AchievementDetailsMessage	6378	2058			242	273
RENUMEROTE	AchievementDetailsRequestMessage	6380	7495			242	273
RENUMEROTE	AchievementFinishedInformationMessage	6381	1898			242	273
RENUMEROTE	AchievementRewardErrorMessage	6375	3079			242	273
RENUMEROTE	AchievementRewardRequestMessage	6377	1789			242	273
RENUMEROTE	AchievementRewardSuccessMessage	6376	1060			242	273
RENUMEROTE	AcquaintanceSearchErrorMessage	6143	2291			242	273
RENUMEROTE	AcquaintanceServerListMessage	6142	8632			242	273
RENUMEROTE	AdminQuietCommandMessage	5662	8282			242	273
RENUMEROTE	AlignmentRankUpdateMessage	6058	5019			242	273
RENUMEROTE	AllianceBulletinMessage	6690	8751			242	273
RENUMEROTE	AllianceBulletinSetErrorMessage	6692	8685			242	273
RENUMEROTE	AllianceCreationResultMessage	6391	7302			242	273
RENUMEROTE	AllianceCreationStartedMessage	6394	6534			242	273
RENUMEROTE	AllianceFactsErrorMessage	6423	4210			242	273
RENUMEROTE	AllianceFactsRequestMessage	6409	593			242	273
RENUMEROTE	AllianceInsiderInfoRequestMessage	6417	2763			242	273
RENUMEROTE	AllianceInvitationAnswerMessage	6401	3558			242	273
RENUMEROTE	AllianceInvitationMessage	6395	5856			242	273
RENUMEROTE	AllianceInvitationStateRecrutedMessage	6392	7264			242	273
RENUMEROTE	AllianceInvitationStateRecruterMessage	6396	6551			242	273
RENUMEROTE	AllianceLeftMessage	6398	6490			242	273
RENUMEROTE	AllianceMembershipMessage	6390	3547			242	273
RENUMEROTE	AllianceModificationNameAndTagValidMessage	6449	6811			242	273
RENUMEROTE	AllianceModificationStartedMessage	6444	2149			242	273
RENUMEROTE	AllianceMotdMessage	6685	4661			242	273
RENUMEROTE	AllianceMotdSetErrorMessage	6683	6006			242	273
RENUMEROTE	AllianceMotdSetRequestMessage	6687	1488			242	273
RENUMEROTE	AlliancePartialListMessage	6427	4178			242	273
RENUMEROTE	AlliancePrismDialogQuestionMessage	6448	3125			242	273
RENUMEROTE	AlmanachCalendarDateMessage	6341	3938			242	273
RENUMEROTE	AlreadyConnectedMessage	109	3137			242	273
RENUMEROTE	AreaFightModificatorUpdateMessage	6493	9461			242	273
RENUMEROTE	ArenaFighterLeaveMessage	6700	3724			242	273
RENUMEROTE	AtlasPointInformationsMessage	5956	5424			242	273
RENUMEROTE	AuthenticationTicketAcceptedMessage	111	7505			242	273
RENUMEROTE	AuthenticationTicketMessage	110	6808			242	273
RENUMEROTE	AuthenticationTicketRefusedMessage	112	5922			242	273
RENUMEROTE	BasicAckMessage	6362	9375			242	273
RENUMEROTE	BasicDateMessage	177	7499			242	273
RENUMEROTE	BasicLatencyStatsMessage	5663	7194			242	273
RENUMEROTE	BasicLatencyStatsRequestMessage	5816	6273			242	273
RENUMEROTE	BasicNoOperationMessage	176	2887			242	273
RENUMEROTE	BasicPingMessage	182	7461			242	273
RENUMEROTE	BasicPongMessage	183	4877			242	273
RENUMEROTE	BasicStatMessage	6530	2233			242	273
RENUMEROTE	BasicStatWithDataMessage	6573	6918			242	273
RENUMEROTE	BasicTimeMessage	175	4945			242	273
RENUMEROTE	BasicWhoAmIRequestMessage	5664	390			242	273
RENUMEROTE	ChallengeFightJoinRefusedMessage	5908	2072			242	273
RENUMEROTE	ChangeHavenBagRoomRequestMessage	6638	980			242	273
RENUMEROTE	ChangeThemeRequestMessage	6639	4899			242	273
RENUMEROTE	ChannelEnablingChangeMessage	891	7739			242	273
RENUMEROTE	ChannelEnablingMessage	890	4965			242	273
RENUMEROTE	CharacterCanBeCreatedRequestMessage	6732	4275			242	273
RENUMEROTE	CharacterCanBeCreatedResultMessage	6733	7317			242	273
RENUMEROTE	CharacterCapabilitiesMessage	6339	3451			242	273
RENUMEROTE	CharacterCreationRequestMessage	160	491			242	273
RENUMEROTE	CharacterDeletionErrorMessage	166	4351			242	273
RENUMEROTE	CharacterDeletionRequestMessage	165	1489			242	273
RENUMEROTE	CharacterExperienceGainMessage	6321	9701			242	273
RENUMEROTE	CharacterFirstSelectionMessage	6084	7638			242	273
RENUMEROTE	CharacterLevelUpInformationMessage	6076	3031			242	273
RENUMEROTE	CharacterLoadingCompleteMessage	6471	605			242	273
RENUMEROTE	CharacterNameSuggestionFailureMessage	164	5371			242	273
RENUMEROTE	CharacterNameSuggestionRequestMessage	162	2000			242	273
RENUMEROTE	CharacterNameSuggestionSuccessMessage	5544	2208			242	273
RENUMEROTE	CharacterReplayRequestMessage	167	8786			242	273
RENUMEROTE	CharacterReplayWithRemodelRequestMessage	6551	338			242	273
RENUMEROTE	CharacterSelectedErrorMessage	5836	1596			242	273
RENUMEROTE	CharacterSelectedForceMessage	6068	4050			242	273
RENUMEROTE	CharacterSelectedForceReadyMessage	6072	4057			242	273
RENUMEROTE	CharacterSelectedSuccessMessage	153	4299			242	273
RENUMEROTE	CharacterSelectionMessage	152	6792			242	273
RENUMEROTE	CharacterSelectionWithRemodelMessage	6549	3540			242	273
RENUMEROTE	CharacterStatsListMessage	500	4395			242	273
RENUMEROTE	CharactersListErrorMessage	5545	7643			242	273
RENUMEROTE	CharactersListRequestMessage	150	2412			242	273
RENUMEROTE	CharactersListWithRemodelingMessage	6550	9633			242	273
RENUMEROTE	ChatAbstractClientMessage	850	6914			242	273
RENUMEROTE	ChatAbstractServerMessage	880	1770			242	273
RENUMEROTE	ChatAdminServerMessage	6135	2080			242	273
RENUMEROTE	ChatClientMultiMessage	861	3932			242	273
RENUMEROTE	ChatClientMultiWithObjectMessage	862	5473			242	273
RENUMEROTE	ChatClientPrivateWithObjectMessage	852	9502			242	273
RENUMEROTE	ChatCommunityChannelCommunityMessage	6730	5839			242	273
RENUMEROTE	ChatCommunityChannelSetCommunityRequestMessage	6729	2893			242	273
RENUMEROTE	ChatErrorMessage	870	6135			242	273
RENUMEROTE	ChatServerCopyMessage	882	8617			242	273
RENUMEROTE	ChatServerCopyWithObjectMessage	884	8059			242	273
RENUMEROTE	ChatServerWithObjectMessage	883	399			242	273
RENUMEROTE	ChatSmileyExtraPackListMessage	6596	3973			242	273
RENUMEROTE	ChatSmileyMessage	801	7020			242	273
RENUMEROTE	ChatSmileyRequestMessage	800	9020			242	273
RENUMEROTE	CheckFileMessage	6156	5396			242	273
RENUMEROTE	CheckFileRequestMessage	6154	5970			242	273
RENUMEROTE	CheckIntegrityMessage	6372	7220			242	273
RENUMEROTE	CinematicMessage	6053	991			242	273
RENUMEROTE	ClientKeyMessage	5607	7975			242	273
RENUMEROTE	ClientUIOpenedByObjectMessage	6463	2467			242	273
RENUMEROTE	ClientUIOpenedMessage	6459	1039			242	273
RENUMEROTE	ClientYouAreDrunkMessage	6594	3498			242	273
RENUMEROTE	CloseHavenBagFurnitureSequenceRequestMessage	6621	6165			242	273
RENUMEROTE	CompassResetMessage	5584	5999			242	273
RENUMEROTE	CompassUpdateMessage	5591	872			242	273
RENUMEROTE	CompassUpdatePartyMemberMessage	5589	9981			242	273
RENUMEROTE	CompassUpdatePvpSeekMessage	6013	4778			242	273
RENUMEROTE	ConsoleCommandsListMessage	6127	869			242	273
RENUMEROTE	ConsoleMessage	75	7923			242	273
RENUMEROTE	ContactLookErrorMessage	6045	6346			242	273
RENUMEROTE	ContactLookMessage	5934	4925			242	273
RENUMEROTE	ContactLookRequestByIdMessage	5935	6048			242	273
RENUMEROTE	ContactLookRequestByNameMessage	5933	2776			242	273
RENUMEROTE	ContactLookRequestMessage	5932	7562			242	273
RENUMEROTE	CurrentServerStatusUpdateMessage	6525	9599			242	273
RENUMEROTE	DebugClearHighlightCellsMessage	2002	3737			242	273
RENUMEROTE	DebugInClientMessage	6028	6256			242	273
RENUMEROTE	DecraftResultMessage	6569	3985			242	273
RENUMEROTE	DisplayNumericalValuePaddockMessage	6563	4632			242	273
RENUMEROTE	DocumentReadingBeginMessage	5675	9246			242	273
RENUMEROTE	DungeonKeyRingMessage	6299	6819			242	273
RENUMEROTE	DungeonKeyRingUpdateMessage	6296	6518			242	273
RENUMEROTE	DungeonPartyFinderAvailableDungeonsMessage	6242	8056			242	273
RENUMEROTE	DungeonPartyFinderAvailableDungeonsRequestMessage	6240	9426			242	273
RENUMEROTE	DungeonPartyFinderListenErrorMessage	6248	6905			242	273
RENUMEROTE	DungeonPartyFinderListenRequestMessage	6246	9359			242	273
RENUMEROTE	DungeonPartyFinderRegisterErrorMessage	6243	3226			242	273
RENUMEROTE	DungeonPartyFinderRegisterRequestMessage	6249	7102			242	273
RENUMEROTE	DungeonPartyFinderRegisterSuccessMessage	6241	9509			242	273
RENUMEROTE	DungeonPartyFinderRoomContentMessage	6247	9524			242	273
RENUMEROTE	DungeonPartyFinderRoomContentUpdateMessage	6250	5056			242	273
RENUMEROTE	EditHavenBagCancelRequestMessage	6619	8480			242	273
RENUMEROTE	EditHavenBagFinishedMessage	6628	2362			242	273
RENUMEROTE	EditHavenBagRequestMessage	6626	6707			242	273
RENUMEROTE	EditHavenBagStartMessage	6632	9417			242	273
RENUMEROTE	EmotePlayMassiveMessage	5691	1886			242	273
RENUMEROTE	EmotePlayMessage	5683	3198			242	273
RENUMEROTE	EnabledChannelsMessage	892	2625			242	273
RENUMEROTE	EnterHavenBagRequestMessage	6636	4036			242	273
RENUMEROTE	EntityTalkMessage	6110	1171			242	273
RENUMEROTE	ExchangeAcceptMessage	5508	804			242	273
RENUMEROTE	ExchangeBidHouseBuyMessage	5804	3820			242	273
RENUMEROTE	ExchangeBidHouseBuyResultMessage	6272	2613			242	273
RENUMEROTE	ExchangeBidHouseInListUpdatedMessage	6337	9240			242	273
RENUMEROTE	ExchangeBidHouseItemAddOkMessage	5945	1557			242	273
RENUMEROTE	ExchangeBidHouseItemRemoveOkMessage	5946	8101			242	273
RENUMEROTE	ExchangeBidHouseUnsoldItemsMessage	6612	9295			242	273
RENUMEROTE	ExchangeBidPriceForSellerMessage	6464	7209			242	273
RENUMEROTE	ExchangeBidSearchOkMessage	5802	8956			242	273
RENUMEROTE	ExchangeBuyMessage	5774	4582			242	273
RENUMEROTE	ExchangeBuyOkMessage	5759	9839			242	273
RENUMEROTE	ExchangeCraftCountModifiedMessage	6595	7440			242	273
RENUMEROTE	ExchangeCraftCountRequestMessage	6597	7189			242	273
RENUMEROTE	ExchangeCraftPaymentModificationRequestMessage	6579	2392			242	273
RENUMEROTE	ExchangeCraftPaymentModifiedMessage	6578	2319			242	273
RENUMEROTE	ExchangeCraftResultMagicWithObjectDescMessage	6188	95			242	273
RENUMEROTE	ExchangeCraftResultMessage	5790	7869			242	273
RENUMEROTE	ExchangeCraftResultWithObjectDescMessage	5999	4819			242	273
RENUMEROTE	ExchangeCrafterJobLevelupMessage	6598	2584			242	273
RENUMEROTE	ExchangeErrorMessage	5513	9232			242	273
RENUMEROTE	ExchangeIsReadyMessage	5509	4377			242	273
RENUMEROTE	ExchangeItemAutoCraftStopedMessage	5810	5298			242	273
RENUMEROTE	ExchangeKamaModifiedMessage	5521	4910			242	273
RENUMEROTE	ExchangeLeaveMessage	5628	384			242	273
RENUMEROTE	ExchangeMountFreeFromPaddockMessage	6055	4615			242	273
RENUMEROTE	ExchangeMountStableErrorMessage	5981	5267			242	273
RENUMEROTE	ExchangeMountSterilizeFromPaddockMessage	6056	7996			242	273
RENUMEROTE	ExchangeMountsPaddockAddMessage	6561	8350			242	273
RENUMEROTE	ExchangeMountsPaddockRemoveMessage	6559	9608			242	273
RENUMEROTE	ExchangeMountsStableAddMessage	6555	9743			242	273
RENUMEROTE	ExchangeMountsStableBornAddMessage	6557	2861			242	273
RENUMEROTE	ExchangeMountsStableRemoveMessage	6556	6129			242	273
RENUMEROTE	ExchangeMountsTakenFromPaddockMessage	6554	3055			242	273
RENUMEROTE	ExchangeMultiCraftCrafterCanUseHisRessourcesMessage	6020	4154			242	273
RENUMEROTE	ExchangeMultiCraftSetCrafterCanUseHisRessourcesMessage	6021	7279			242	273
RENUMEROTE	ExchangeObjectAddedMessage	5516	8426			242	273
RENUMEROTE	ExchangeObjectMessage	5515	3411			242	273
RENUMEROTE	ExchangeObjectModifiedInBagMessage	6008	9367			242	273
RENUMEROTE	ExchangeObjectModifiedMessage	5519	7078			242	273
RENUMEROTE	ExchangeObjectModifyPricedMessage	6238	1058			242	273
RENUMEROTE	ExchangeObjectMoveKamaMessage	5520	7773			242	273
RENUMEROTE	ExchangeObjectMoveMessage	5518	5939			242	273
RENUMEROTE	ExchangeObjectMovePricedMessage	5514	3566			242	273
RENUMEROTE	ExchangeObjectPutInBagMessage	6009	5697			242	273
RENUMEROTE	ExchangeObjectRemovedFromBagMessage	6010	5602			242	273
RENUMEROTE	ExchangeObjectRemovedMessage	5517	8090			242	273
RENUMEROTE	ExchangeObjectTransfertAllFromInvMessage	6184	1681			242	273
RENUMEROTE	ExchangeObjectTransfertAllToInvMessage	6032	4357			242	273
RENUMEROTE	ExchangeObjectTransfertExistingFromInvMessage	6325	9675			242	273
RENUMEROTE	ExchangeObjectTransfertExistingToInvMessage	6326	3544			242	273
RENUMEROTE	ExchangeObjectTransfertListFromInvMessage	6183	7537			242	273
RENUMEROTE	ExchangeObjectTransfertListToInvMessage	6039	8793			242	273
RENUMEROTE	ExchangeObjectTransfertListWithQuantityToInvMessage	6470	166			242	273
RENUMEROTE	ExchangeObjectUseInWorkshopMessage	6004	8008			242	273
RENUMEROTE	ExchangeObjectsAddedMessage	6535	9703			242	273
RENUMEROTE	ExchangeObjectsModifiedMessage	6533	7326			242	273
RENUMEROTE	ExchangeObjectsRemovedMessage	6532	8928			242	273
RENUMEROTE	ExchangeOkMultiCraftMessage	5768	4122			242	273
RENUMEROTE	ExchangePlayerMultiCraftRequestMessage	5784	2028			242	273
RENUMEROTE	ExchangePlayerRequestMessage	5773	9371			242	273
RENUMEROTE	ExchangePodsModifiedMessage	6670	7160			242	273
RENUMEROTE	ExchangeReadyMessage	5511	9547			242	273
RENUMEROTE	ExchangeReplayStopMessage	6001	2953			242	273
RENUMEROTE	ExchangeRequestMessage	5505	2919			242	273
RENUMEROTE	ExchangeRequestOnMountStockMessage	5986	5627			242	273
RENUMEROTE	ExchangeRequestedMessage	5522	1313			242	273
RENUMEROTE	ExchangeRequestedTradeMessage	5523	5103			242	273
RENUMEROTE	ExchangeSellMessage	5778	4616			242	273
RENUMEROTE	ExchangeSellOkMessage	5792	49			242	273
RENUMEROTE	ExchangeStartOkCraftMessage	5813	6203			242	273
RENUMEROTE	ExchangeStartOkCraftWithInformationMessage	5941	4096			242	273
RENUMEROTE	ExchangeStartOkJobIndexMessage	5819	1248			242	273
RENUMEROTE	ExchangeStartOkMountMessage	5979	2274			242	273
RENUMEROTE	ExchangeStartOkMountWithOutPaddockMessage	5991	1232			242	273
RENUMEROTE	ExchangeStartOkMulticraftCrafterMessage	5818	7458			242	273
RENUMEROTE	ExchangeStartOkMulticraftCustomerMessage	5817	5378			242	273
RENUMEROTE	ExchangeStartOkNpcTradeMessage	5785	8322			242	273
RENUMEROTE	ExchangeStartOkRunesTradeMessage	6567	1662			242	273
RENUMEROTE	ExchangeStartedBidBuyerMessage	5904	4280			242	273
RENUMEROTE	ExchangeStartedBidSellerMessage	5905	9278			242	273
RENUMEROTE	ExchangeStartedMessage	5512	3043			242	273
RENUMEROTE	ExchangeStartedMountStockMessage	5984	6115			242	273
RENUMEROTE	ExchangeStartedTaxCollectorShopMessage	6664	9791			242	273
RENUMEROTE	ExchangeStartedWithPodsMessage	6129	5028			242	273
RENUMEROTE	ExchangeStartedWithStorageMessage	6236	2977			242	273
RENUMEROTE	ExchangeStoppedMessage	6589	3673			242	273
RENUMEROTE	ExchangeWaitingResultMessage	5786	4276			242	273
RENUMEROTE	ExchangeWeightMessage	5793	1630			242	273
RENUMEROTE	ExitHavenBagRequestMessage	6631	1472			242	273
RENUMEROTE	FighterStatsListMessage	6322	4354			242	273
RENUMEROTE	FinishMoveListMessage	6704	4769			242	273
RENUMEROTE	FinishMoveListRequestMessage	6702	2859			242	273
RENUMEROTE	FinishMoveSetRequestMessage	6703	6930			242	273
RENUMEROTE	FocusedExchangeReadyMessage	6701	885			242	273
RENUMEROTE	FollowQuestObjectiveRequestMessage	6724	2913			242	273
RENUMEROTE	FollowedQuestsMessage	6717	6589			242	273
RENUMEROTE	FriendAddFailureMessage	5600	6674			242	273
RENUMEROTE	FriendAddedMessage	5599	3185			242	273
RENUMEROTE	FriendDeleteRequestMessage	5603	9081			242	273
RENUMEROTE	FriendGuildSetWarnOnAchievementCompleteMessage	6382	2747			242	273
RENUMEROTE	FriendGuildWarnOnAchievementCompleteStateMessage	6383	1328			242	273
RENUMEROTE	FriendSetWarnOnConnectionMessage	5602	7385			242	273
RENUMEROTE	FriendSetWarnOnLevelGainMessage	6077	5437			242	273
RENUMEROTE	FriendSpouseFollowWithCompassRequestMessage	5606	3784			242	273
RENUMEROTE	FriendSpouseJoinRequestMessage	5604	2260			242	273
RENUMEROTE	FriendUpdateMessage	5924	7293			242	273
RENUMEROTE	FriendWarnOnConnectionStateMessage	5630	584			242	273
RENUMEROTE	FriendWarnOnLevelGainStateMessage	6078	2158			242	273
RENUMEROTE	FriendsGetListMessage	4001	14			242	273
RENUMEROTE	FriendsListMessage	4002	4172			242	273
RENUMEROTE	GameActionAcknowledgementMessage	957	5751			242	273
RENUMEROTE	GameActionFightActivateGlyphTrapMessage	6545	5706			242	273
RENUMEROTE	GameActionFightCarryCharacterMessage	5830	5771			242	273
RENUMEROTE	GameActionFightCastOnTargetRequestMessage	6330	6910			242	273
RENUMEROTE	GameActionFightCastRequestMessage	1005	6438			242	273
RENUMEROTE	GameActionFightChangeLookMessage	5532	1629			242	273
RENUMEROTE	GameActionFightDeathMessage	1099	9724			242	273
RENUMEROTE	GameActionFightDispellEffectMessage	6113	8550			242	273
RENUMEROTE	GameActionFightDispellSpellMessage	6176	4714			242	273
RENUMEROTE	GameActionFightDispellableEffectMessage	6070	3071			242	273
RENUMEROTE	GameActionFightDodgePointLossMessage	5828	7515			242	273
RENUMEROTE	GameActionFightDropCharacterMessage	5826	8009			242	273
RENUMEROTE	GameActionFightExchangePositionsMessage	5527	8976			242	273
RENUMEROTE	GameActionFightInvisibilityMessage	5821	2495			242	273
RENUMEROTE	GameActionFightInvisibleDetectedMessage	6320	7285			242	273
RENUMEROTE	GameActionFightKillMessage	5571	6293			242	273
RENUMEROTE	GameActionFightLifeAndShieldPointsLostMessage	6310	5703			242	273
RENUMEROTE	GameActionFightLifePointsGainMessage	6311	6590			242	273
RENUMEROTE	GameActionFightMarkCellsMessage	5540	432			242	273
RENUMEROTE	GameActionFightModifyEffectsDurationMessage	6304	9731			242	273
RENUMEROTE	GameActionFightNoSpellCastMessage	6132	393			242	273
RENUMEROTE	GameActionFightPointsVariationMessage	1030	8927			242	273
RENUMEROTE	GameActionFightReduceDamagesMessage	5526	1547			242	273
RENUMEROTE	GameActionFightReflectDamagesMessage	5530	7259			242	273
RENUMEROTE	GameActionFightReflectSpellMessage	5531	2356			242	273
RENUMEROTE	GameActionFightSlideMessage	5525	7006			242	273
RENUMEROTE	GameActionFightSpellCastMessage	1010	2679			242	273
RENUMEROTE	GameActionFightSpellCooldownVariationMessage	6219	766			242	273
RENUMEROTE	GameActionFightSpellImmunityMessage	6221	276			242	273
RENUMEROTE	GameActionFightStealKamaMessage	5535	6352			242	273
RENUMEROTE	GameActionFightSummonMessage	5825	7363			242	273
RENUMEROTE	GameActionFightTackledMessage	1004	3805			242	273
RENUMEROTE	GameActionFightTeleportOnSameMapMessage	5528	9922			242	273
RENUMEROTE	GameActionFightThrowCharacterMessage	5829	8659			242	273
RENUMEROTE	GameActionFightTriggerEffectMessage	6147	8838			242	273
RENUMEROTE	GameActionFightUnmarkCellsMessage	5570	9827			242	273
RENUMEROTE	GameActionFightVanishMessage	6217	5071			242	273
RENUMEROTE	GameActionNoopMessage	1002	116			242	273
RENUMEROTE	GameCautiousMapMovementMessage	6497	779			242	273
RENUMEROTE	GameCautiousMapMovementRequestMessage	6496	920			242	273
RENUMEROTE	GameContextCreateErrorMessage	6024	223			242	273
RENUMEROTE	GameContextCreateMessage	200	1595			242	273
RENUMEROTE	GameContextCreateRequestMessage	250	5527			242	273
RENUMEROTE	GameContextDestroyMessage	201	1821			242	273
RENUMEROTE	GameContextKickMessage	6081	2032			242	273
RENUMEROTE	GameContextMoveElementMessage	253	5362			242	273
RENUMEROTE	GameContextMoveMultipleElementsMessage	254	7368			242	273
RENUMEROTE	GameContextQuitMessage	255	4314			242	273
RENUMEROTE	GameContextRefreshEntityLookMessage	5637	7865			242	273
RENUMEROTE	GameContextRemoveElementMessage	251	3496			242	273
RENUMEROTE	GameContextRemoveElementWithEventMessage	6412	7775			242	273
RENUMEROTE	GameContextRemoveMultipleElementsMessage	252	5405			242	273
RENUMEROTE	GameContextRemoveMultipleElementsWithEventsMessage	6416	1167			242	273
RENUMEROTE	GameDataPaddockObjectAddMessage	5990	652			242	273
RENUMEROTE	GameDataPaddockObjectListAddMessage	5992	9121			242	273
RENUMEROTE	GameDataPaddockObjectRemoveMessage	5993	9218			242	273
RENUMEROTE	GameDataPlayFarmObjectAnimationMessage	6026	8213			242	273
RENUMEROTE	GameEntitiesDispositionMessage	5696	7948			242	273
RENUMEROTE	GameEntityDispositionErrorMessage	5695	2619			242	273
RENUMEROTE	GameEntityDispositionMessage	5693	4			242	273
RENUMEROTE	GameFightHumanReadyStateMessage	740	109			242	273
RENUMEROTE	GameFightJoinMessage	702	8166			242	273
RENUMEROTE	GameFightLeaveMessage	721	6974			242	273
RENUMEROTE	GameFightNewRoundMessage	6239	8261			242	273
RENUMEROTE	GameFightNewWaveMessage	6490	4448			242	273
RENUMEROTE	GameFightOptionToggleMessage	707	5955			242	273
RENUMEROTE	GameFightPlacementPositionRequestMessage	704	7043			242	273
RENUMEROTE	GameFightPlacementPossiblePositionsMessage	703	282			242	273
RENUMEROTE	GameFightPlacementSwapPositionsAcceptMessage	6547	870			242	273
RENUMEROTE	GameFightPlacementSwapPositionsCancelMessage	6543	5173			242	273
RENUMEROTE	GameFightPlacementSwapPositionsCancelledMessage	6546	1579			242	273
RENUMEROTE	GameFightPlacementSwapPositionsErrorMessage	6548	6325			242	273
RENUMEROTE	GameFightPlacementSwapPositionsMessage	6544	5606			242	273
RENUMEROTE	GameFightPlacementSwapPositionsOfferMessage	6542	5124			242	273
RENUMEROTE	GameFightPlacementSwapPositionsRequestMessage	6541	501			242	273
RENUMEROTE	GameFightReadyMessage	708	4840			242	273
RENUMEROTE	GameFightRefreshFighterMessage	6309	3786			242	273
RENUMEROTE	GameFightResumeMessage	6067	2675			242	273
RENUMEROTE	GameFightResumeWithSlavesMessage	6215	5652			242	273
RENUMEROTE	GameFightShowFighterMessage	5864	5747			242	273
RENUMEROTE	GameFightShowFighterRandomStaticPoseMessage	6218	7583			242	273
RENUMEROTE	GameFightSpectatePlayerRequestMessage	6474	8994			242	273
RENUMEROTE	GameFightSpectatorJoinMessage	6504	3924			242	273
RENUMEROTE	GameFightSynchronizeMessage	5921	8985			242	273
RENUMEROTE	GameFightTurnEndMessage	719	7900			242	273
RENUMEROTE	GameFightTurnFinishMessage	718	3915			242	273
RENUMEROTE	GameFightTurnListMessage	713	1243			242	273
RENUMEROTE	GameFightTurnReadyMessage	716	9655			242	273
RENUMEROTE	GameFightTurnReadyRequestMessage	715	379			242	273
RENUMEROTE	GameFightTurnResumeMessage	6307	7389			242	273
RENUMEROTE	GameFightTurnStartMessage	714	217			242	273
RENUMEROTE	GameFightTurnStartPlayingMessage	6465	3867			242	273
RENUMEROTE	GameMapChangeOrientationMessage	946	8741			242	273
RENUMEROTE	GameMapChangeOrientationRequestMessage	945	1190			242	273
RENUMEROTE	GameMapChangeOrientationsMessage	6155	3256			242	273
RENUMEROTE	GameMapMovementCancelMessage	953	2486			242	273
RENUMEROTE	GameMapMovementConfirmMessage	952	3317			242	273
RENUMEROTE	GameMapMovementMessage	951	6493			242	273
RENUMEROTE	GameMapNoMovementMessage	954	6322			242	273
RENUMEROTE	GameRefreshMonsterBoostsMessage	6618	3997			242	273
RENUMEROTE	GameRolePlayAggressionMessage	6073	6235			242	273
RENUMEROTE	GameRolePlayArenaRegistrationStatusMessage	6284	4586			242	273
RENUMEROTE	GameRolePlayArenaUnregisterMessage	6282	326			242	273
RENUMEROTE	GameRolePlayAttackMonsterRequestMessage	6191	9329			242	273
RENUMEROTE	GameRolePlayDelayedActionFinishedMessage	6150	7896			242	273
RENUMEROTE	GameRolePlayDelayedActionMessage	6153	4358			242	273
RENUMEROTE	GameRolePlayFreeSoulRequestMessage	745	3818			242	273
RENUMEROTE	GameRolePlayGameOverMessage	746	3824			242	273
RENUMEROTE	GameRolePlayPlayerFightRequestMessage	5731	6628			242	273
RENUMEROTE	GameRolePlayShowActorMessage	5632	1818			242	273
RENUMEROTE	GameRolePlayShowActorWithEventMessage	6407	5			242	273
RENUMEROTE	GameRolePlayShowChallengeMessage	301	7254			242	273
RENUMEROTE	GameRolePlayShowMultipleActorsMessage	6712	323			242	273
RENUMEROTE	GoldAddedMessage	6030	1521			242	273
RENUMEROTE	GuestLimitationMessage	6506	7707			242	273
RENUMEROTE	GuestModeMessage	6505	5810			242	273
RENUMEROTE	GuidedModeQuitRequestMessage	6092	6433			242	273
RENUMEROTE	GuidedModeReturnRequestMessage	6088	625			242	273
RENUMEROTE	GuildBulletinMessage	6689	1996			242	273
RENUMEROTE	GuildBulletinSetErrorMessage	6691	8324			242	273
RENUMEROTE	GuildCharacsUpgradeRequestMessage	5706	237			242	273
RENUMEROTE	GuildCreationResultMessage	5554	4018			242	273
RENUMEROTE	GuildCreationStartedMessage	5920	5711			242	273
RENUMEROTE	GuildFactsErrorMessage	6424	7863			242	273
RENUMEROTE	GuildFactsRequestMessage	6404	6650			242	273
RENUMEROTE	GuildGetInformationsMessage	5550	592			242	273
RENUMEROTE	GuildHouseRemoveMessage	6180	4888			242	273
RENUMEROTE	GuildHouseUpdateInformationMessage	6181	1590			242	273
RENUMEROTE	GuildHousesInformationMessage	5919	5207			242	273
RENUMEROTE	GuildInformationsPaddocksMessage	5959	7168			242	273
RENUMEROTE	GuildInvitationAnswerMessage	5556	5328			242	273
RENUMEROTE	GuildInvitationMessage	5551	8788			242	273
RENUMEROTE	GuildInvitationStateRecrutedMessage	5548	9851			242	273
RENUMEROTE	GuildInvitationStateRecruterMessage	5563	2343			242	273
RENUMEROTE	GuildKickRequestMessage	5887	9738			242	273
RENUMEROTE	GuildLeftMessage	5562	3266			242	273
RENUMEROTE	GuildLevelUpMessage	6062	5408			242	273
RENUMEROTE	GuildListMessage	6413	669			242	273
RENUMEROTE	GuildMemberLeavingMessage	5923	7246			242	273
RENUMEROTE	GuildMemberOnlineStatusMessage	6061	8750			242	273
RENUMEROTE	GuildMembershipMessage	5835	2644			242	273
RENUMEROTE	GuildModificationNameValidMessage	6327	5733			242	273
RENUMEROTE	GuildModificationStartedMessage	6324	515			242	273
RENUMEROTE	GuildMotdMessage	6590	4318			242	273
RENUMEROTE	GuildMotdSetErrorMessage	6591	6422			242	273
RENUMEROTE	GuildMotdSetRequestMessage	6588	3388			242	273
RENUMEROTE	GuildPaddockBoughtMessage	5952	4625			242	273
RENUMEROTE	GuildSpellUpgradeRequestMessage	5699	5991			242	273
RENUMEROTE	HavenBagFurnituresMessage	6634	135			242	273
RENUMEROTE	HavenBagFurnituresRequestMessage	6637	5127			242	273
RENUMEROTE	HavenBagPackListMessage	6620	9897			242	273
RENUMEROTE	HavenBagPermissionsUpdateMessage	6713	7957			242	273
RENUMEROTE	HavenBagPermissionsUpdateRequestMessage	6714	958			242	273
RENUMEROTE	HelloConnectMessage	3	5586			242	273
RENUMEROTE	HelloGameMessage	101	708			242	273
RENUMEROTE	HouseBuyRequestMessage	5738	5849			242	273
RENUMEROTE	HouseBuyResultMessage	5735	4284			242	273
RENUMEROTE	HouseGuildNoneMessage	5701	7676			242	273
RENUMEROTE	HouseGuildRightsMessage	5703	8722			242	273
RENUMEROTE	HouseGuildRightsViewMessage	5700	9956			242	273
RENUMEROTE	HouseGuildShareRequestMessage	5704	5369			242	273
RENUMEROTE	HouseKickRequestMessage	5698	7559			242	273
RENUMEROTE	HouseLockFromInsideRequestMessage	5885	9529			242	273
RENUMEROTE	HousePropertiesMessage	5734	3385			242	273
RENUMEROTE	HouseSellFromInsideRequestMessage	5884	6061			242	273
RENUMEROTE	HouseSellRequestMessage	5697	1606			242	273
RENUMEROTE	HouseToSellListMessage	6140	8317			242	273
RENUMEROTE	HouseToSellListRequestMessage	6139	6950			242	273
RENUMEROTE	IdentificationFailedBannedMessage	6174	8668			242	273
RENUMEROTE	IdentificationFailedForBadVersionMessage	21	4124			242	273
RENUMEROTE	IdentificationFailedMessage	20	4567			242	273
RENUMEROTE	IgnoredAddFailureMessage	5679	7186			242	273
RENUMEROTE	IgnoredAddedMessage	5678	3797			242	273
RENUMEROTE	IgnoredDeleteRequestMessage	5680	7645			242	273
RENUMEROTE	IgnoredGetListMessage	5676	8068			242	273
RENUMEROTE	IgnoredListMessage	5674	8123			242	273
RENUMEROTE	InteractiveElementUpdatedMessage	5708	8912			242	273
RENUMEROTE	InteractiveMapUpdateMessage	5002	9493			242	273
RENUMEROTE	InteractiveUseEndedMessage	6112	2897			242	273
RENUMEROTE	InteractiveUseErrorMessage	6384	2991			242	273
RENUMEROTE	InteractiveUseRequestMessage	5001	1424			242	273
RENUMEROTE	InteractiveUseWithParamRequestMessage	6715	8117			242	273
RENUMEROTE	InteractiveUsedMessage	5745	3900			242	273
RENUMEROTE	InventoryContentMessage	3016	8042			242	273
RENUMEROTE	InviteInHavenBagClosedMessage	6645	8001			242	273
RENUMEROTE	InviteInHavenBagMessage	6642	949			242	273
RENUMEROTE	InviteInHavenBagOfferMessage	6643	5037			242	273
RENUMEROTE	ItemNoMoreAvailableMessage	5769	2498			242	273
RENUMEROTE	JobAllowMultiCraftRequestMessage	5748	1737			242	273
RENUMEROTE	JobBookSubscribeRequestMessage	6592	7221			242	273
RENUMEROTE	JobBookSubscriptionMessage	6593	6723			242	273
RENUMEROTE	JobCrafterDirectoryAddMessage	5651	9328			242	273
RENUMEROTE	JobCrafterDirectoryDefineSettingsMessage	5649	5859			242	273
RENUMEROTE	JobCrafterDirectoryEntryMessage	6044	2116			242	273
RENUMEROTE	JobCrafterDirectoryEntryRequestMessage	6043	1749			242	273
RENUMEROTE	JobCrafterDirectoryListMessage	6046	8710			242	273
RENUMEROTE	JobCrafterDirectoryListRequestMessage	6047	5876			242	273
RENUMEROTE	JobCrafterDirectoryRemoveMessage	5653	3245			242	273
RENUMEROTE	JobCrafterDirectorySettingsMessage	5652	9206			242	273
RENUMEROTE	JobDescriptionMessage	5655	9539			242	273
RENUMEROTE	JobExperienceMultiUpdateMessage	5809	8763			242	273
RENUMEROTE	JobExperienceOtherPlayerUpdateMessage	6599	1331			242	273
RENUMEROTE	JobExperienceUpdateMessage	5654	6979			242	273
RENUMEROTE	JobLevelUpMessage	5656	386			242	273
RENUMEROTE	JobMultiCraftAvailableSkillsMessage	5747	8902			242	273
RENUMEROTE	KamasUpdateMessage	5537	654			242	273
RENUMEROTE	KickHavenBagRequestMessage	6652	3554			242	273
RENUMEROTE	LeaveDialogMessage	5502	6689			242	273
RENUMEROTE	LeaveDialogRequestMessage	5501	9643			242	273
RENUMEROTE	LifePointsRegenBeginMessage	5684	9965			242	273
RENUMEROTE	LifePointsRegenEndMessage	5686	6833			242	273
RENUMEROTE	LivingObjectChangeSkinRequestMessage	5725	2511			242	273
RENUMEROTE	LivingObjectDissociateMessage	5723	8437			242	273
RENUMEROTE	LivingObjectMessageRequestMessage	6066	5726			242	273
RENUMEROTE	LocalizedChatSmileyMessage	6185	8626			242	273
RENUMEROTE	LockableChangeCodeMessage	5666	9751			242	273
RENUMEROTE	LockableCodeResultMessage	5672	7522			242	273
RENUMEROTE	LockableShowCodeDialogMessage	5740	9268			242	273
RENUMEROTE	LockableStateUpdateAbstractMessage	5671	107			242	273
RENUMEROTE	LockableStateUpdateHouseDoorMessage	5668	7692			242	273
RENUMEROTE	LockableUseCodeMessage	5667	3147			242	273
RENUMEROTE	LoginQueueStatusMessage	10	3098			242	273
RENUMEROTE	MapComplementaryInformationsDataInHavenBagMessage	6622	2021			242	273
RENUMEROTE	MapComplementaryInformationsDataInHouseMessage	6130	1071			242	273
RENUMEROTE	MapComplementaryInformationsWithCoordsMessage	6268	5198			242	273
RENUMEROTE	MapFightCountMessage	210	2838			242	273
RENUMEROTE	MapObstacleUpdateMessage	6051	75			242	273
RENUMEROTE	MapRunningFightDetailsExtendedMessage	6500	8895			242	273
RENUMEROTE	MapRunningFightListMessage	5743	8225			242	273
RENUMEROTE	MapRunningFightListRequestMessage	5742	1925			242	273
RENUMEROTE	MigratedServerListMessage	6731	2491			242	273
RENUMEROTE	MimicryObjectAssociatedMessage	6462	1127			242	273
RENUMEROTE	MimicryObjectEraseRequestMessage	6457	7124			242	273
RENUMEROTE	MimicryObjectErrorMessage	6461	3920			242	273
RENUMEROTE	MimicryObjectFeedAndAssociateRequestMessage	6460	3754			242	273
RENUMEROTE	MimicryObjectPreviewMessage	6458	2255			242	273
RENUMEROTE	MoodSmileyRequestMessage	6192	6420			242	273
RENUMEROTE	MoodSmileyResultMessage	6196	1383			242	273
RENUMEROTE	MoodSmileyUpdateMessage	6388	2215			242	273
RENUMEROTE	MountDataErrorMessage	6172	2483			242	273
RENUMEROTE	MountDataMessage	5973	137			242	273
RENUMEROTE	MountEmoteIconUsedOkMessage	5978	3490			242	273
RENUMEROTE	MountEquipedErrorMessage	5963	5171			242	273
RENUMEROTE	MountFeedRequestMessage	6189	3038			242	273
RENUMEROTE	MountHarnessColorsUpdateRequestMessage	6697	4391			242	273
RENUMEROTE	MountHarnessDissociateRequestMessage	6696	7150			242	273
RENUMEROTE	MountInformationInPaddockRequestMessage	5975	7545			242	273
RENUMEROTE	MountInformationRequestMessage	5972	826			242	273
RENUMEROTE	MountReleaseRequestMessage	5980	1227			242	273
RENUMEROTE	MountReleasedMessage	6308	7843			242	273
RENUMEROTE	MountRenameRequestMessage	5987	4115			242	273
RENUMEROTE	MountRenamedMessage	5983	2688			242	273
RENUMEROTE	MountSetMessage	5968	110			242	273
RENUMEROTE	MountSetXpRatioRequestMessage	5989	4347			242	273
RENUMEROTE	MountSterilizeRequestMessage	5962	658			242	273
RENUMEROTE	MountSterilizedMessage	5977	9430			242	273
RENUMEROTE	MountToggleRidingRequestMessage	5976	1106			242	273
RENUMEROTE	MountUnSetMessage	5982	8582			242	273
RENUMEROTE	MountXpRatioMessage	5970	9050			242	273
RENUMEROTE	NicknameAcceptedMessage	5641	8083			242	273
RENUMEROTE	NicknameChoiceRequestMessage	5639	4608			242	273
RENUMEROTE	NicknameRefusedMessage	5638	4482			242	273
RENUMEROTE	NicknameRegistrationMessage	5640	8872			242	273
RENUMEROTE	NotificationByServerMessage	6103	3884			242	273
RENUMEROTE	NotificationListMessage	6087	7443			242	273
RENUMEROTE	NotificationResetMessage	6089	4503			242	273
RENUMEROTE	NotificationUpdateFlagMessage	6090	8455			242	273
RENUMEROTE	NpcDialogQuestionMessage	5617	5481			242	273
RENUMEROTE	NpcDialogReplyMessage	5616	4752			242	273
RENUMEROTE	NpcGenericActionFailureMessage	5900	5877			242	273
RENUMEROTE	NumericWhoIsMessage	6297	2693			242	273
RENUMEROTE	NumericWhoIsRequestMessage	6298	2359			242	273
RENUMEROTE	ObjectAveragePricesErrorMessage	6336	5074			242	273
RENUMEROTE	ObjectAveragePricesGetMessage	6334	2730			242	273
RENUMEROTE	ObjectDeleteMessage	3022	5997			242	273
RENUMEROTE	ObjectDeletedMessage	3024	6668			242	273
RENUMEROTE	ObjectDropMessage	3005	2531			242	273
RENUMEROTE	ObjectErrorMessage	3004	2089			242	273
RENUMEROTE	ObjectGroundRemovedMessage	3014	5855			242	273
RENUMEROTE	ObjectGroundRemovedMultipleMessage	5944	3407			242	273
RENUMEROTE	ObjectJobAddedMessage	6014	5441			242	273
RENUMEROTE	ObjectModifiedMessage	3029	7821			242	273
RENUMEROTE	ObjectUseMessage	3019	1372			242	273
RENUMEROTE	ObjectUseMultipleMessage	6234	1310			242	273
RENUMEROTE	ObjectUseOnCellMessage	3013	4046			242	273
RENUMEROTE	ObjectUseOnCharacterMessage	3003	2165			242	273
RENUMEROTE	ObjectsAddedMessage	6033	1527			242	273
RENUMEROTE	ObjectsDeletedMessage	6034	5219			242	273
RENUMEROTE	ObjectsQuantityMessage	6206	5664			242	273
RENUMEROTE	ObtainedItemWithBonusMessage	6520	7133			242	273
RENUMEROTE	OnConnectionEventMessage	5726	999			242	273
RENUMEROTE	OpenHavenBagFurnitureSequenceRequestMessage	6635	7398			242	273
RENUMEROTE	OrnamentGainedMessage	6368	9883			242	273
RENUMEROTE	OrnamentSelectErrorMessage	6370	6401			242	273
RENUMEROTE	OrnamentSelectRequestMessage	6374	732			242	273
RENUMEROTE	OrnamentSelectedMessage	6369	7251			242	273
RENUMEROTE	PaddockBuyRequestMessage	5951	1669			242	273
RENUMEROTE	PaddockMoveItemRequestMessage	6052	6071			242	273
RENUMEROTE	PaddockPropertiesMessage	5824	4650			242	273
RENUMEROTE	PaddockRemoveItemRequestMessage	5958	2191			242	273
RENUMEROTE	PaddockSellBuyDialogMessage	6018	4196			242	273
RENUMEROTE	PaddockSellRequestMessage	5953	6528			242	273
RENUMEROTE	PaddockToSellListMessage	6138	7795			242	273
RENUMEROTE	PaddockToSellListRequestMessage	6141	101			242	273
RENUMEROTE	PartyAbdicateThroneMessage	6080	7804			242	273
RENUMEROTE	PartyAcceptInvitationMessage	5580	4342			242	273
RENUMEROTE	PartyCancelInvitationMessage	6254	425			242	273
RENUMEROTE	PartyCancelInvitationNotificationMessage	6251	1327			242	273
RENUMEROTE	PartyCannotJoinErrorMessage	5583	6016			242	273
RENUMEROTE	PartyDeletedMessage	6261	8038			242	273
RENUMEROTE	PartyFollowMemberRequestMessage	5577	7118			242	273
RENUMEROTE	PartyFollowStatusUpdateMessage	5581	4068			242	273
RENUMEROTE	PartyFollowThisMemberRequestMessage	5588	327			242	273
RENUMEROTE	PartyInvitationArenaRequestMessage	6283	2774			242	273
RENUMEROTE	PartyInvitationCancelledForGuestMessage	6256	7618			242	273
RENUMEROTE	PartyInvitationDetailsRequestMessage	6264	8629			242	273
RENUMEROTE	PartyInvitationDungeonDetailsMessage	6262	2367			242	273
RENUMEROTE	PartyInvitationDungeonMessage	6244	3539			242	273
RENUMEROTE	PartyInvitationDungeonRequestMessage	6245	5145			242	273
RENUMEROTE	PartyInvitationMessage	5586	729			242	273
RENUMEROTE	PartyJoinMessage	5576	6577			242	273
RENUMEROTE	PartyKickRequestMessage	5592	7926			242	273
RENUMEROTE	PartyKickedByMessage	5590	4958			242	273
RENUMEROTE	PartyLeaderUpdateMessage	5578	6439			242	273
RENUMEROTE	PartyLeaveMessage	5594	83			242	273
RENUMEROTE	PartyLeaveRequestMessage	5593	6779			242	273
RENUMEROTE	PartyLocateMembersMessage	5595	8066			242	273
RENUMEROTE	PartyLocateMembersRequestMessage	5587	4987			242	273
RENUMEROTE	PartyLoyaltyStatusMessage	6270	5384			242	273
RENUMEROTE	PartyMemberEjectedMessage	6252	9438			242	273
RENUMEROTE	PartyMemberRemoveMessage	5579	7328			242	273
RENUMEROTE	PartyModifiableStatusMessage	6277	2363			242	273
RENUMEROTE	PartyNameSetErrorMessage	6501	7989			242	273
RENUMEROTE	PartyNameSetRequestMessage	6503	9125			242	273
RENUMEROTE	PartyNameUpdateMessage	6502	9591			242	273
RENUMEROTE	PartyNewGuestMessage	6260	7060			242	273
RENUMEROTE	PartyNewMemberMessage	6306	4529			242	273
RENUMEROTE	PartyPledgeLoyaltyRequestMessage	6269	7730			242	273
RENUMEROTE	PartyRefuseInvitationMessage	5582	9721			242	273
RENUMEROTE	PartyRefuseInvitationNotificationMessage	5596	1724			242	273
RENUMEROTE	PartyRestrictedMessage	6175	2879			242	273
RENUMEROTE	PartyStopFollowRequestMessage	5574	8393			242	273
RENUMEROTE	PartyUpdateMessage	5575	5707			242	273
RENUMEROTE	PauseDialogMessage	6012	3238			242	273
RENUMEROTE	PlayerStatusUpdateErrorMessage	6385	3860			242	273
RENUMEROTE	PlayerStatusUpdateMessage	6386	3675			242	273
RENUMEROTE	PlayerStatusUpdateRequestMessage	6387	4213			242	273
RENUMEROTE	PopupWarningMessage	6134	1024			242	273
RENUMEROTE	PortalUseRequestMessage	6492	6790			242	273
RENUMEROTE	PrismAttackRequestMessage	6042	6412			242	273
RENUMEROTE	QuestListMessage	5626	3323			242	273
RENUMEROTE	QuestListRequestMessage	5623	7114			242	273
RENUMEROTE	QuestObjectiveValidatedMessage	6098	3508			242	273
RENUMEROTE	QuestObjectiveValidationMessage	6085	4654			242	273
RENUMEROTE	QuestStartRequestMessage	5643	8398			242	273
RENUMEROTE	QuestStartedMessage	6091	8372			242	273
RENUMEROTE	QuestStepInfoMessage	5625	830			242	273
RENUMEROTE	QuestStepInfoRequestMessage	5622	5778			242	273
RENUMEROTE	QuestStepStartedMessage	6096	2945			242	273
RENUMEROTE	QuestStepValidatedMessage	6099	4373			242	273
RENUMEROTE	QuestValidatedMessage	6097	1736			242	273
RENUMEROTE	QueueStatusMessage	6100	4838			242	273
RENUMEROTE	RecycleResultMessage	6601	4137			242	273
RENUMEROTE	RefreshFollowedQuestsOrderRequestMessage	6722	3965			242	273
RENUMEROTE	SelectedServerDataExtendedMessage	6469	7269			242	273
RENUMEROTE	SelectedServerRefusedMessage	41	277			242	273
RENUMEROTE	SequenceEndMessage	956	1586			242	273
RENUMEROTE	SequenceNumberMessage	6317	1188			242	273
RENUMEROTE	SequenceNumberRequestMessage	6316	594			242	273
RENUMEROTE	SequenceStartMessage	955	7231			242	273
RENUMEROTE	ServerExperienceModificatorMessage	6237	9259			242	273
RENUMEROTE	ServerSelectionMessage	40	4134			242	273
RENUMEROTE	ServerSessionConstantsMessage	6434	9337			242	273
RENUMEROTE	ServerStatusUpdateMessage	50	4424			242	273
RENUMEROTE	SetCharacterRestrictionsMessage	170	1324			242	273
RENUMEROTE	SetEnableAVARequestMessage	6443	6858			242	273
RENUMEROTE	SetEnablePVPRequestMessage	1810	3251			242	273
RENUMEROTE	ShortcutBarAddErrorMessage	6227	1627			242	273
RENUMEROTE	ShortcutBarAddRequestMessage	6225	6013			242	273
RENUMEROTE	ShortcutBarContentMessage	6231	9158			242	273
RENUMEROTE	ShortcutBarRefreshMessage	6229	5972			242	273
RENUMEROTE	ShortcutBarRemoveErrorMessage	6222	4981			242	273
RENUMEROTE	ShortcutBarRemoveRequestMessage	6228	2126			242	273
RENUMEROTE	ShortcutBarRemovedMessage	6224	8757			242	273
RENUMEROTE	ShortcutBarReplacedMessage	6706	125			242	273
RENUMEROTE	ShortcutBarSwapErrorMessage	6226	6501			242	273
RENUMEROTE	ShortcutBarSwapRequestMessage	6230	45			242	273
RENUMEROTE	ShowCellMessage	5612	9194			242	273
RENUMEROTE	ShowCellRequestMessage	5611	4804			242	273
RENUMEROTE	ShowCellSpectatorMessage	6158	4927			242	273
RENUMEROTE	SocialNoticeMessage	6688	4859			242	273
RENUMEROTE	SocialNoticeSetErrorMessage	6684	3100			242	273
RENUMEROTE	SocialNoticeSetRequestMessage	6686	3682			242	273
RENUMEROTE	SpellListMessage	1200	7427			242	273
RENUMEROTE	SpellVariantActivationRequestMessage	6707	1715			242	273
RENUMEROTE	SpouseGetInformationsMessage	6355	9594			242	273
RENUMEROTE	SpouseInformationsMessage	6356	7779			242	273
RENUMEROTE	SpouseStatusMessage	6265	8361			242	273
RENUMEROTE	StatedElementUpdatedMessage	5709	7859			242	273
RENUMEROTE	StatedMapUpdateMessage	5716	2054			242	273
RENUMEROTE	StatsUpgradeRequestMessage	5610	5002			242	273
RENUMEROTE	StatsUpgradeResultMessage	5609	3065			242	273
RENUMEROTE	StopToListenRunningFightRequestMessage	6124	3109			242	273
RENUMEROTE	StorageInventoryContentMessage	5646	6526			242	273
RENUMEROTE	StorageKamasUpdateMessage	5645	8968			242	273
RENUMEROTE	StorageObjectRemoveMessage	5648	8450			242	273
RENUMEROTE	StorageObjectUpdateMessage	5647	2670			242	273
RENUMEROTE	StorageObjectsRemoveMessage	6035	1673			242	273
RENUMEROTE	StorageObjectsUpdateMessage	6036	5323			242	273
RENUMEROTE	SubscriptionLimitationMessage	5542	8244			242	273
RENUMEROTE	SubscriptionZoneMessage	5573	8183			242	273
RENUMEROTE	SymbioticObjectAssociateRequestMessage	6522	9614			242	273
RENUMEROTE	SymbioticObjectAssociatedMessage	6527	7196			242	273
RENUMEROTE	SymbioticObjectErrorMessage	6526	2086			242	273
RENUMEROTE	SystemMessageDisplayMessage	189	5943			242	273
RENUMEROTE	TaxCollectorErrorMessage	5634	2186			242	273
RENUMEROTE	TaxCollectorMovementsOfflineMessage	6611	4833			242	273
RENUMEROTE	TeleportBuddiesAnswerMessage	6294	368			242	273
RENUMEROTE	TeleportBuddiesMessage	6289	9554			242	273
RENUMEROTE	TeleportBuddiesRequestedMessage	6302	2454			242	273
RENUMEROTE	TeleportHavenBagAnswerMessage	6646	9340			242	273
RENUMEROTE	TeleportHavenBagRequestMessage	6647	8587			242	273
RENUMEROTE	TeleportOnSameMapMessage	6048	6669			242	273
RENUMEROTE	TeleportToBuddyAnswerMessage	6293	3588			242	273
RENUMEROTE	TeleportToBuddyCloseMessage	6303	4968			242	273
RENUMEROTE	TeleportToBuddyOfferMessage	6287	5491			242	273
RENUMEROTE	TextInformationMessage	780	3766			242	273
RENUMEROTE	TitleGainedMessage	6364	455			242	273
RENUMEROTE	TitleLostMessage	6371	4759			242	273
RENUMEROTE	TitleSelectErrorMessage	6373	3338			242	273
RENUMEROTE	TitleSelectRequestMessage	6365	5375			242	273
RENUMEROTE	TitleSelectedMessage	6366	1653			242	273
RENUMEROTE	TitlesAndOrnamentsListMessage	6367	3749			242	273
RENUMEROTE	TitlesAndOrnamentsListRequestMessage	6363	483			242	273
RENUMEROTE	TreasureHuntAvailableRetryCountUpdateMessage	6491	1628			242	273
RENUMEROTE	TreasureHuntDigRequestAnswerFailedMessage	6509	2459			242	273
RENUMEROTE	TreasureHuntDigRequestAnswerMessage	6484	3567			242	273
RENUMEROTE	TreasureHuntDigRequestMessage	6485	6696			242	273
RENUMEROTE	TreasureHuntFinishedMessage	6483	1937			242	273
RENUMEROTE	TreasureHuntFlagRemoveRequestMessage	6510	2928			242	273
RENUMEROTE	TreasureHuntFlagRequestAnswerMessage	6507	6871			242	273
RENUMEROTE	TreasureHuntFlagRequestMessage	6508	6775			242	273
RENUMEROTE	TreasureHuntGiveUpRequestMessage	6487	143			242	273
RENUMEROTE	TreasureHuntLegendaryRequestMessage	6499	7183			242	273
RENUMEROTE	TreasureHuntRequestAnswerMessage	6489	7470			242	273
RENUMEROTE	TreasureHuntShowLegendaryUIMessage	6498	8368			242	273
RENUMEROTE	UnfollowQuestObjectiveRequestMessage	6723	2136			242	273
RENUMEROTE	UpdateLifePointsMessage	5658	1395			242	273
RENUMEROTE	WarnOnPermaDeathMessage	6512	4732			242	273
RENUMEROTE	WarnOnPermaDeathStateMessage	6513	5243			242	273
RENUMEROTE	WrapperObjectAssociatedMessage	6523	3871			242	273
RENUMEROTE	WrapperObjectDissociateRequestMessage	6524	5244			242	273
RENUMEROTE	WrapperObjectErrorMessage	6529	5215			242	273
RENUMEROTE	ZaapRespawnSaveRequestMessage	6572	3373			242	273
RESTRUCTURE	AccessoryPreviewRequestMessage	6518	375		ordre	242	273
RESTRUCTURE	AccountCapabilitiesMessage	6216	8908	champs	ordre	242	273
RESTRUCTURE	AchievementFinishedMessage	6208	1474	champs	ordre	242	273
RESTRUCTURE	AchievementListMessage	6205	9652	champs	ordre	242	273
RESTRUCTURE	AcquaintanceSearchMessage	6144	1642	champs	ordre	242	273
RESTRUCTURE	AdminCommandMessage	76	9773	champs	ordre	242	273
RESTRUCTURE	AllianceBulletinSetRequestMessage	6693	5995	champs	ordre	242	273
RESTRUCTURE	AllianceCreationValidMessage	6393	5413	champs	ordre	242	273
RESTRUCTURE	AllianceFactsMessage	6414	9269	champs	ordre	242	273
RESTRUCTURE	AllianceInsiderInfoMessage	6403	4562	champs	ordre	242	273
RESTRUCTURE	AllianceInvitedMessage	6397	9032	champs	ordre	242	273
RESTRUCTURE	AllianceJoinedMessage	6402	5220	champs	ordre	242	273
RESTRUCTURE	AllianceKickRequestMessage	6400	4578	champs	ordre	242	273
RESTRUCTURE	AllianceListMessage	6408	9553	champs	ordre	242	273
RESTRUCTURE	AllianceModificationEmblemValidMessage	6447	5179	champs	ordre	242	273
RESTRUCTURE	AllianceModificationValidMessage	6450	4239	champs	ordre	242	273
RESTRUCTURE	BasicWhoIsMessage	180	8673	champs	ordre	242	273
RESTRUCTURE	BasicWhoIsNoMatchMessage	179	4629	champs	ordre	242	273
RESTRUCTURE	BasicWhoIsRequestMessage	181	6759	champs	ordre	242	273
RESTRUCTURE	BulletinMessage	6695	4597	champs	ordre	242	273
RESTRUCTURE	ChallengeResultMessage	6019	5894		ordre	242	273
RESTRUCTURE	ChangeMapMessage	221	5242	champs	ordre	242	273
RESTRUCTURE	CharacterCreationResultMessage	161	5979	champs	ordre	242	273
RESTRUCTURE	CharacterLevelUpMessage	5670	5797		ordre	242	273
RESTRUCTURE	CharactersListMessage	151	8016	champs	ordre	242	273
RESTRUCTURE	ChatClientPrivateMessage	851	7053	champs	ordre	242	273
RESTRUCTURE	ChatServerMessage	881	6772	champs	ordre	242	273
RESTRUCTURE	CurrentMapMessage	220	7991	champs	ordre	242	273
RESTRUCTURE	DebugHighlightCellsMessage	2001	9357	champs	ordre	242	273
RESTRUCTURE	EmoteAddMessage	5644	2112		ordre	242	273
RESTRUCTURE	EmoteListMessage	5689	6038		ordre	242	273
RESTRUCTURE	EmotePlayAbstractMessage	5690	8135		ordre	242	273
RESTRUCTURE	EmotePlayErrorMessage	5688	7853		ordre	242	273
RESTRUCTURE	EmotePlayRequestMessage	5685	7754		ordre	242	273
RESTRUCTURE	EmoteRemoveMessage	5687	4524		ordre	242	273
RESTRUCTURE	ErrorMapNotFoundMessage	6197	8967	champs	ordre	242	273
RESTRUCTURE	ExchangeBidHouseGenericItemAddedMessage	5947	3696		ordre	242	273
RESTRUCTURE	ExchangeBidHouseGenericItemRemovedMessage	5948	3347		ordre	242	273
RESTRUCTURE	ExchangeBidHouseInListAddedMessage	5949	9001	champs	ordre	242	273
RESTRUCTURE	ExchangeBidHouseInListRemovedMessage	5950	4180	champs	ordre	242	273
RESTRUCTURE	ExchangeBidHouseListMessage	5807	6171	champs	ordre	242	273
RESTRUCTURE	ExchangeBidHousePriceMessage	5805	1454	champs	ordre	242	273
RESTRUCTURE	ExchangeBidHouseSearchMessage	5806	5862	champs	ordre	242	273
RESTRUCTURE	ExchangeBidHouseTypeMessage	5803	8802	champs	ordre	242	273
RESTRUCTURE	ExchangeBidPriceMessage	5755	4274		ordre	242	273
RESTRUCTURE	ExchangeCraftResultWithObjectIdMessage	6000	1423		ordre	242	273
RESTRUCTURE	ExchangeOfflineSoldItemsMessage	6613	2524	champs	ordre	242	273
RESTRUCTURE	ExchangeRequestOnTaxCollectorMessage	5779	1216	champs	ordre	242	273
RESTRUCTURE	ExchangeSetCraftRecipeMessage	6389	3981		ordre	242	273
RESTRUCTURE	ExchangeStartOkNpcShopMessage	5761	6130		ordre	242	273
RESTRUCTURE	ExchangeStartOkRecycleTradeMessage	6600	1067	champs	ordre	242	273
RESTRUCTURE	ExchangeTypesExchangerDescriptionForUserMessage	5765	6572	champs	ordre	242	273
RESTRUCTURE	ExchangeTypesItemsExchangerDescriptionForUserMessage	5752	2738	champs	ordre	242	273
RESTRUCTURE	FriendAddRequestMessage	4004	5713	champs	ordre	242	273
RESTRUCTURE	FriendDeleteResultMessage	5601	4930	champs	ordre	242	273
RESTRUCTURE	FriendJoinRequestMessage	5605	5530	champs	ordre	242	273
RESTRUCTURE	GameActionFightCloseCombatMessage	6116	2405		ordre	242	273
RESTRUCTURE	GameActionFightDispellMessage	5533	9152	champs	ordre	242	273
RESTRUCTURE	GameActionFightLifePointsLostMessage	6312	6444	champs	ordre	242	273
RESTRUCTURE	GameActionFightTriggerGlyphTrapMessage	5741	6199	champs	ordre	242	273
RESTRUCTURE	GameContextReadyMessage	6071	9237	champs	ordre	242	273
RESTRUCTURE	GameFightEndMessage	720	2386	champs	ordre	242	273
RESTRUCTURE	GameFightJoinRequestMessage	701	4010	champs	ordre	242	273
RESTRUCTURE	GameFightOptionStateUpdateMessage	5927	3172		ordre	242	273
RESTRUCTURE	GameFightRemoveTeamMemberMessage	711	7301		ordre	242	273
RESTRUCTURE	GameFightSpectateMessage	6069	6318	champs	ordre	242	273
RESTRUCTURE	GameFightStartMessage	712	9783	champs	ordre	242	273
RESTRUCTURE	GameFightStartingMessage	700	6131	champs	ordre	242	273
RESTRUCTURE	GameFightUpdateTeamMessage	5572	3874		ordre	242	273
RESTRUCTURE	GameMapMovementRequestMessage	950	4548	champs	ordre	242	273
RESTRUCTURE	GameRolePlayArenaFightAnswerMessage	6279	7230	champs	ordre	242	273
RESTRUCTURE	GameRolePlayArenaFightPropositionMessage	6276	5667		ordre	242	273
RESTRUCTURE	GameRolePlayArenaFighterStatusMessage	6281	3114	champs	ordre	242	273
RESTRUCTURE	GameRolePlayArenaRegisterMessage	6280	2855	champs	ordre	242	273
RESTRUCTURE	GameRolePlayArenaSwitchToFightServerMessage	6575	4751	champs	ordre	242	273
RESTRUCTURE	GameRolePlayArenaSwitchToGameServerMessage	6574	6763	champs	ordre	242	273
RESTRUCTURE	GameRolePlayArenaUpdatePlayerInfosMessage	6301	1665	champs	ordre	242	273
RESTRUCTURE	GameRolePlayDelayedObjectUseMessage	6425	3110		ordre	242	273
RESTRUCTURE	GameRolePlayFightRequestCanceledMessage	5822	5826	champs	ordre	242	273
RESTRUCTURE	GameRolePlayPlayerFightFriendlyAnswerMessage	5732	1704	champs	ordre	242	273
RESTRUCTURE	GameRolePlayPlayerFightFriendlyAnsweredMessage	5733	1668	champs	ordre	242	273
RESTRUCTURE	GameRolePlayPlayerFightFriendlyRequestedMessage	5937	4626		ordre	242	273
RESTRUCTURE	GameRolePlayPlayerLifeStatusMessage	5996	8693	champs	ordre	242	273
RESTRUCTURE	GameRolePlayRemoveChallengeMessage	300	3370	champs	ordre	242	273
RESTRUCTURE	GameRolePlaySpellAnimMessage	6114	1173	champs	ordre	242	273
RESTRUCTURE	GameRolePlayTaxCollectorFightRequestMessage	5954	1944	champs	ordre	242	273
RESTRUCTURE	GuildBulletinSetRequestMessage	6694	5517	champs	ordre	242	273
RESTRUCTURE	GuildChangeMemberParametersMessage	5549	1951	champs	ordre	242	273
RESTRUCTURE	GuildCreationValidMessage	5546	1720	champs	ordre	242	273
RESTRUCTURE	GuildFactsMessage	6415	5626	champs	ordre	242	273
RESTRUCTURE	GuildInformationsGeneralMessage	5557	4406	champs	ordre	242	273
RESTRUCTURE	GuildInformationsMemberUpdateMessage	5597	6708	champs	ordre	242	273
RESTRUCTURE	GuildInformationsMembersMessage	5558	6362	champs	ordre	242	273
RESTRUCTURE	GuildInvitedMessage	5552	4003	champs	ordre	242	273
RESTRUCTURE	GuildJoinedMessage	5564	2814	champs	ordre	242	273
RESTRUCTURE	GuildModificationEmblemValidMessage	6328	4735	champs	ordre	242	273
RESTRUCTURE	GuildModificationValidMessage	6323	4686	champs	ordre	242	273
RESTRUCTURE	GuildPaddockRemovedMessage	5955	1415	champs	ordre	242	273
RESTRUCTURE	GuildPaddockTeleportRequestMessage	5957	8533	champs	ordre	242	273
RESTRUCTURE	HaapiApiKeyMessage	6649	4765	champs	ordre	242	273
RESTRUCTURE	HaapiApiKeyRequestMessage	6648	9219	champs	ordre	242	273
RESTRUCTURE	HavenBagDailyLoteryMessage	6644	9352	champs	ordre	242	273
RESTRUCTURE	HouseSellingUpdateMessage	6727	6800	champs	ordre	242	273
RESTRUCTURE	HouseTeleportRequestMessage	6726	3189	champs		242	273
RESTRUCTURE	HouseToSellFilterMessage	6137	9188	champs	ordre	242	273
RESTRUCTURE	IdentificationMessage	4	9262	champs	ordre	242	273
RESTRUCTURE	IdentificationSuccessMessage	22	6104	champs	ordre	242	273
RESTRUCTURE	IgnoredAddRequestMessage	5673	5112	champs	ordre	242	273
RESTRUCTURE	IgnoredDeleteResultMessage	5677	2365	champs	ordre	242	273
RESTRUCTURE	InventoryWeightMessage	3009	9677	champs	ordre	242	273
RESTRUCTURE	KohUpdateMessage	6439	1036	champs	ordre	242	273
RESTRUCTURE	LivingObjectMessageMessage	6065	6015		ordre	242	273
RESTRUCTURE	LockableStateUpdateStorageMessage	5669	569	champs	ordre	242	273
RESTRUCTURE	MapComplementaryInformationsDataMessage	226	9792	champs	ordre	242	273
RESTRUCTURE	MapFightStartPositionsUpdateMessage	6716	9437	champs	ordre	242	273
RESTRUCTURE	MapInformationsRequestMessage	225	2408	champs	ordre	242	273
RESTRUCTURE	MapRunningFightDetailsMessage	5751	2005		ordre	242	273
RESTRUCTURE	MapRunningFightDetailsRequestMessage	5750	337		ordre	242	273
RESTRUCTURE	MountRidingMessage	5967	3880	champs	ordre	242	273
RESTRUCTURE	NpcDialogCreationMessage	5618	3289	champs	ordre	242	273
RESTRUCTURE	NpcGenericActionRequestMessage	5898	6670	champs	ordre	242	273
RESTRUCTURE	ObjectAddedMessage	3025	6866	champs	ordre	242	273
RESTRUCTURE	ObjectAveragePricesMessage	6335	2729		ordre	242	273
RESTRUCTURE	ObjectFeedMessage	6290	8727	champs	ordre	242	273
RESTRUCTURE	ObjectGroundAddedMessage	3017	3774		ordre	242	273
RESTRUCTURE	ObjectGroundListAddedMessage	5925	7785		ordre	242	273
RESTRUCTURE	ObjectMovementMessage	3010	4510		ordre	242	273
RESTRUCTURE	ObjectQuantityMessage	3023	204	champs	ordre	242	273
RESTRUCTURE	ObjectSetPositionMessage	3021	5569		ordre	242	273
RESTRUCTURE	ObtainedItemMessage	6519	9678		ordre	242	273
RESTRUCTURE	PaddockBuyResultMessage	6516	5838	champs	ordre	242	273
RESTRUCTURE	PaddockToSellFilterMessage	6161	3852	champs	ordre	242	273
RESTRUCTURE	PartyInvitationDetailsMessage	6263	8607		ordre	242	273
RESTRUCTURE	PartyInvitationRequestMessage	5585	7920	champs	ordre	242	273
RESTRUCTURE	PartyUpdateLightMessage	6054	4231		ordre	242	273
RESTRUCTURE	PrismsListMessage	6440	7733	champs		242	273
RESTRUCTURE	ProtocolRequired	1	1939	champs	ordre	242	273
RESTRUCTURE	PurchasableDialogMessage	5739	100	champs	ordre	242	273
RESTRUCTURE	RefreshCharacterStatsMessage	6699	2710	champs	ordre	242	273
RESTRUCTURE	SelectedServerDataMessage	42	4944	champs	ordre	242	273
RESTRUCTURE	ServerOptionalFeaturesMessage	6305	8385		ordre	242	273
RESTRUCTURE	ServerSettingsMessage	6340	154	champs	ordre	242	273
RESTRUCTURE	ServersListMessage	30	9500	champs	ordre	242	273
RESTRUCTURE	SetUpdateMessage	5503	7483		ordre	242	273
RESTRUCTURE	SlaveSwitchContextMessage	6214	974	champs	ordre	242	273
RESTRUCTURE	SpellVariantActivationMessage	6705	7767	champs	ordre	242	273
RESTRUCTURE	TaxCollectorAttackedMessage	5918	5361	champs	ordre	242	273
RESTRUCTURE	TaxCollectorAttackedResultMessage	5635	4787	champs	ordre	242	273
RESTRUCTURE	TaxCollectorDialogQuestionBasicMessage	5619	3500	champs	ordre	242	273
RESTRUCTURE	TaxCollectorDialogQuestionExtendedMessage	5615	8713	champs	ordre	242	273
RESTRUCTURE	TaxCollectorStateUpdateMessage	6455	5744	champs	ordre	242	273
RESTRUCTURE	TeleportRequestMessage	5961	9439	champs	ordre	242	273
RESTRUCTURE	TopTaxCollectorListMessage	6565	3893	champs	ordre	242	273
RESTRUCTURE	TreasureHuntMessage	6486	7235	champs	ordre	242	273
RESTRUCTURE	TrustStatusMessage	6267	3339	champs	ordre	242	273
RESTRUCTURE	UpdateMapPlayersAgressableStatusMessage	6454	1751	champs	ordre	242	273
RESTRUCTURE	UpdateSelfAgressableStatusMessage	6456	5808	champs	ordre	242	273
RESTRUCTURE	ZaapRespawnUpdatedMessage	6571	9315	champs	ordre	242	273
INCHANGE	NetworkDataContainerMessage	2	2			242	273
INCHANGE	RawDataMessage	6253	6253			242	273
