message_nom	protocol_id	fichier:ligne	nb_champs	champs	parent	ordre_serialisation	emu	version
AbstractGameActionFightTargetedAbilityMessage	836	sources/client268-as3/scripts/com/ankamagames/dofus/network/messages/game/actions/fight/AbstractGameActionFightTargetedAbilityMessage.as:12	5	targetId:Number;destinationCellId:int;critical:uint;silentCast:Boolean;verboseCast:Boolean	AbstractGameActionMessage	super:AbstractGameActionMessage;silentCast:bit0;verboseCast:bit1;#local:writeByte;targetId:writeDouble;destinationCellId:writeShort;critical:writeByte	client-as3	268-partiel
AbstractGameActionMessage	409	sources/client268-as3/scripts/com/ankamagames/dofus/network/messages/game/actions/AbstractGameActionMessage.as:11	2	actionId:uint;sourceId:Number	NetworkMessage	actionId:writeVarShort;sourceId:writeDouble	client-as3	268-partiel
BasicPingMessage	4681	sources/client268-as3/scripts/com/ankamagames/dofus/network/messages/common/basic/BasicPingMessage.as:11	1	quiet:Boolean	NetworkMessage	quiet:writeBoolean	client-as3	268-partiel
FighterStatsListMessage	867	sources/client268-as3/scripts/com/ankamagames/dofus/network/messages/game/character/stats/FighterStatsListMessage.as:12	1	stats:CharacterCharacteristicsInformations	NetworkMessage	stats:asCharacterCharacteristicsInformations	client-as3	268-partiel
GameActionFightActivateGlyphTrapMessage	9295	sources/client268-as3/scripts/com/ankamagames/dofus/network/messages/game/actions/fight/GameActionFightActivateGlyphTrapMessage.as:11	2	markId:int;active:Boolean	AbstractGameActionMessage	super:AbstractGameActionMessage;markId:writeShort;active:writeBoolean	client-as3	268-partiel
GameActionFightCloseCombatMessage	1826	sources/client268-as3/scripts/com/ankamagames/dofus/network/messages/game/actions/fight/GameActionFightCloseCombatMessage.as:10	1	weaponGenericId:uint	AbstractGameActionFightTargetedAbilityMessage	super:AbstractGameActionFightTargetedAbilityMessage;weaponGenericId:writeVarInt	client-as3	268-partiel
GameActionFightDeathMessage	2437	sources/client268-as3/scripts/com/ankamagames/dofus/network/messages/game/actions/fight/GameActionFightDeathMessage.as:11	1	targetId:Number	AbstractGameActionMessage	super:AbstractGameActionMessage;targetId:writeDouble	client-as3	268-partiel
GameActionFightDispellEffectMessage	339	sources/client268-as3/scripts/com/ankamagames/dofus/network/messages/game/actions/fight/GameActionFightDispellEffectMessage.as:10	1	boostUID:uint	GameActionFightDispellMessage	super:GameActionFightDispellMessage;boostUID:writeInt	client-as3	268-partiel
GameActionFightDispellMessage	4004	sources/client268-as3/scripts/com/ankamagames/dofus/network/messages/game/actions/fight/GameActionFightDispellMessage.as:11	2	targetId:Number;verboseCast:Boolean	AbstractGameActionMessage	super:AbstractGameActionMessage;targetId:writeDouble;verboseCast:writeBoolean	client-as3	268-partiel
GameActionFightDispellSpellMessage	1974	sources/client268-as3/scripts/com/ankamagames/dofus/network/messages/game/actions/fight/GameActionFightDispellSpellMessage.as:10	1	spellId:uint	GameActionFightDispellMessage	super:GameActionFightDispellMessage;spellId:writeVarShort	client-as3	268-partiel
GameActionFightDispellableEffectMessage	869	sources/client268-as3/scripts/com/ankamagames/dofus/network/messages/game/actions/fight/GameActionFightDispellableEffectMessage.as:13	1	effect:AbstractFightDispellableEffect	AbstractGameActionMessage	super:AbstractGameActionMessage;#typeId:writeShort;effect:serialize	client-as3	268-partiel
GameActionFightDodgePointLossMessage	8102	sources/client268-as3/scripts/com/ankamagames/dofus/network/messages/game/actions/fight/GameActionFightDodgePointLossMessage.as:11	2	targetId:Number;amount:uint	AbstractGameActionMessage	super:AbstractGameActionMessage;targetId:writeDouble;amount:writeVarShort	client-as3	268-partiel
GameActionFightDropCharacterMessage	1472	sources/client268-as3/scripts/com/ankamagames/dofus/network/messages/game/actions/fight/GameActionFightDropCharacterMessage.as:11	2	targetId:Number;cellId:int	AbstractGameActionMessage	super:AbstractGameActionMessage;targetId:writeDouble;cellId:writeShort	client-as3	268-partiel
GameActionFightInvisibilityMessage	4958	sources/client268-as3/scripts/com/ankamagames/dofus/network/messages/game/actions/fight/GameActionFightInvisibilityMessage.as:11	2	targetId:Number;state:uint	AbstractGameActionMessage	super:AbstractGameActionMessage;targetId:writeDouble;state:writeByte	client-as3	268-partiel
GameActionFightInvisibleDetectedMessage	3642	sources/client268-as3/scripts/com/ankamagames/dofus/network/messages/game/actions/fight/GameActionFightInvisibleDetectedMessage.as:11	2	targetId:Number;cellId:int	AbstractGameActionMessage	super:AbstractGameActionMessage;targetId:writeDouble;cellId:writeShort	client-as3	268-partiel
GameActionFightKillMessage	7364	sources/client268-as3/scripts/com/ankamagames/dofus/network/messages/game/actions/fight/GameActionFightKillMessage.as:11	1	targetId:Number	AbstractGameActionMessage	super:AbstractGameActionMessage;targetId:writeDouble	client-as3	268-partiel
GameActionFightLifePointsGainMessage	5968	sources/client268-as3/scripts/com/ankamagames/dofus/network/messages/game/actions/fight/GameActionFightLifePointsGainMessage.as:11	2	targetId:Number;delta:uint	AbstractGameActionMessage	super:AbstractGameActionMessage;targetId:writeDouble;delta:writeVarInt	client-as3	268-partiel
GameActionFightModifyEffectsDurationMessage	3924	sources/client268-as3/scripts/com/ankamagames/dofus/network/messages/game/actions/fight/GameActionFightModifyEffectsDurationMessage.as:11	2	targetId:Number;delta:int	AbstractGameActionMessage	super:AbstractGameActionMessage;targetId:writeDouble;delta:writeShort	client-as3	268-partiel
GameActionFightMultipleSummonMessage	1078	sources/client268-as3/scripts/com/ankamagames/dofus/network/messages/game/actions/fight/GameActionFightMultipleSummonMessage.as:13	1	summons:Vector.<GameContextSummonsInformation>	AbstractGameActionMessage	super:AbstractGameActionMessage;summons#len:writeShort;summons[]#typeId:writeShort;summons[]:serialize	client-as3	268-partiel
GameActionFightPointsVariationMessage	2600	sources/client268-as3/scripts/com/ankamagames/dofus/network/messages/game/actions/fight/GameActionFightPointsVariationMessage.as:11	2	targetId:Number;delta:int	AbstractGameActionMessage	super:AbstractGameActionMessage;targetId:writeDouble;delta:writeShort	client-as3	268-partiel
GameActionFightReduceDamagesMessage	6000	sources/client268-as3/scripts/com/ankamagames/dofus/network/messages/game/actions/fight/GameActionFightReduceDamagesMessage.as:11	2	targetId:Number;amount:uint	AbstractGameActionMessage	super:AbstractGameActionMessage;targetId:writeDouble;amount:writeVarInt	client-as3	268-partiel
GameActionFightReflectSpellMessage	9227	sources/client268-as3/scripts/com/ankamagames/dofus/network/messages/game/actions/fight/GameActionFightReflectSpellMessage.as:11	1	targetId:Number	AbstractGameActionMessage	super:AbstractGameActionMessage;targetId:writeDouble	client-as3	268-partiel
GameActionFightSlideMessage	9026	sources/client268-as3/scripts/com/ankamagames/dofus/network/messages/game/actions/fight/GameActionFightSlideMessage.as:11	3	targetId:Number;startCellId:int;endCellId:int	AbstractGameActionMessage	super:AbstractGameActionMessage;targetId:writeDouble;startCellId:writeShort;endCellId:writeShort	client-as3	268-partiel
GameActionFightSpellCastMessage	1220	sources/client268-as3/scripts/com/ankamagames/dofus/network/messages/game/actions/fight/GameActionFightSpellCastMessage.as:10	3	spellId:uint;spellLevel:int;portalsIds:Vector.<int>	AbstractGameActionFightTargetedAbilityMessage	super:AbstractGameActionFightTargetedAbilityMessage;spellId:writeVarShort;spellLevel:writeShort;portalsIds#len:writeShort;portalsIds[]:writeShort	client-as3	268-partiel
GameActionFightSpellCooldownVariationMessage	4289	sources/client268-as3/scripts/com/ankamagames/dofus/network/messages/game/actions/fight/GameActionFightSpellCooldownVariationMessage.as:11	3	targetId:Number;spellId:uint;value:int	AbstractGameActionMessage	super:AbstractGameActionMessage;targetId:writeDouble;spellId:writeVarShort;value:writeVarShort	client-as3	268-partiel
GameActionFightSpellImmunityMessage	4010	sources/client268-as3/scripts/com/ankamagames/dofus/network/messages/game/actions/fight/GameActionFightSpellImmunityMessage.as:11	2	targetId:Number;spellId:uint	AbstractGameActionMessage	super:AbstractGameActionMessage;targetId:writeDouble;spellId:writeVarShort	client-as3	268-partiel
GameActionFightTackledMessage	5588	sources/client268-as3/scripts/com/ankamagames/dofus/network/messages/game/actions/fight/GameActionFightTackledMessage.as:11	1	tacklersIds:Vector.<Number>	AbstractGameActionMessage	super:AbstractGameActionMessage;tacklersIds#len:writeShort;tacklersIds[]:writeDouble	client-as3	268-partiel
GameActionFightTeleportOnSameMapMessage	6155	sources/client268-as3/scripts/com/ankamagames/dofus/network/messages/game/actions/fight/GameActionFightTeleportOnSameMapMessage.as:11	2	targetId:Number;cellId:int	AbstractGameActionMessage	super:AbstractGameActionMessage;targetId:writeDouble;cellId:writeShort	client-as3	268-partiel
GameActionFightThrowCharacterMessage	2852	sources/client268-as3/scripts/com/ankamagames/dofus/network/messages/game/actions/fight/GameActionFightThrowCharacterMessage.as:11	2	targetId:Number;cellId:int	AbstractGameActionMessage	super:AbstractGameActionMessage;targetId:writeDouble;cellId:writeShort	client-as3	268-partiel
GameActionFightTriggerEffectMessage	8781	sources/client268-as3/scripts/com/ankamagames/dofus/network/messages/game/actions/fight/GameActionFightTriggerEffectMessage.as:10	0		GameActionFightDispellEffectMessage	super:GameActionFightDispellEffectMessage	client-as3	268-partiel
GameActionFightTriggerGlyphTrapMessage	6805	sources/client268-as3/scripts/com/ankamagames/dofus/network/messages/game/actions/fight/GameActionFightTriggerGlyphTrapMessage.as:11	4	markId:int;markImpactCell:uint;triggeringCharacterId:Number;triggeredSpellId:uint	AbstractGameActionMessage	super:AbstractGameActionMessage;markId:writeShort;markImpactCell:writeVarShort;triggeringCharacterId:writeDouble;triggeredSpellId:writeVarShort	client-as3	268-partiel
GameActionFightVanishMessage	607	sources/client268-as3/scripts/com/ankamagames/dofus/network/messages/game/actions/fight/GameActionFightVanishMessage.as:11	1	targetId:Number	AbstractGameActionMessage	super:AbstractGameActionMessage;targetId:writeDouble	client-as3	268-partiel
GameFightRefreshFighterMessage	9672	sources/client268-as3/scripts/com/ankamagames/dofus/network/messages/game/context/fight/character/GameFightRefreshFighterMessage.as:13	1	informations:GameContextActorInformations	NetworkMessage	#typeId:writeShort;informations:serialize	client-as3	268-partiel
GameFightShowFighterMessage	3886	sources/client268-as3/scripts/com/ankamagames/dofus/network/messages/game/context/fight/character/GameFightShowFighterMessage.as:13	1	informations:GameFightFighterInformations	NetworkMessage	#typeId:writeShort;informations:serialize	client-as3	268-partiel
GameFightShowFighterRandomStaticPoseMessage	2392	sources/client268-as3/scripts/com/ankamagames/dofus/network/messages/game/context/fight/character/GameFightShowFighterRandomStaticPoseMessage.as:11	0		GameFightShowFighterMessage	super:GameFightShowFighterMessage	client-as3	268-partiel
GameFightSynchronizeMessage	4483	sources/client268-as3/scripts/com/ankamagames/dofus/network/messages/game/context/fight/GameFightSynchronizeMessage.as:13	1	fighters:Vector.<GameFightFighterInformations>	NetworkMessage	fighters#len:writeShort;fighters[]#typeId:writeShort;fighters[]:serialize	client-as3	268-partiel
GameFightTurnListMessage	102	sources/client268-as3/scripts/com/ankamagames/dofus/network/messages/game/context/fight/GameFightTurnListMessage.as:11	2	ids:Vector.<Number>;deadsIds:Vector.<Number>	NetworkMessage	ids#len:writeShort;ids[]:writeDouble;deadsIds#len:writeShort;deadsIds[]:writeDouble	client-as3	268-partiel
GameMapMovementMessage	6174	sources/client268-as3/scripts/com/ankamagames/dofus/network/messages/game/context/GameMapMovementMessage.as:11	3	keyMovements:Vector.<uint>;forcedDirection:int;actorId:Number	NetworkMessage	keyMovements#len:writeShort;keyMovements[]:writeShort;forcedDirection:writeShort;actorId:writeDouble	client-as3	268-partiel
RefreshCharacterStatsMessage	7193	sources/client268-as3/scripts/com/ankamagames/dofus/network/messages/game/context/fight/RefreshCharacterStatsMessage.as:12	2	fighterId:Number;stats:GameFightCharacteristics	NetworkMessage	fighterId:writeDouble;stats:asGameFightCharacteristics	client-as3	268-partiel
SequenceStartMessage	7930	sources/client268-as3/scripts/com/ankamagames/dofus/network/messages/game/actions/sequence/SequenceStartMessage.as:11	2	sequenceType:int;authorId:Number	NetworkMessage	sequenceType:writeByte;authorId:writeDouble	client-as3	268-partiel
