type_nom	protocol_id	fichier:ligne	nb_champs	champs	parent	ordre_serialisation	emu	version
AbstractFightDispellableEffect	3432	sources/client268-as3/scripts/com/ankamagames/dofus/network/types/game/actions/fight/AbstractFightDispellableEffect.as:8	7	uid:uint;targetId:Number;turnDuration:int;dispelable:uint;spellId:uint;effectId:uint;parentBoostUid:uint		uid:writeVarInt;targetId:writeDouble;turnDuration:writeShort;dispelable:writeByte;spellId:writeVarShort;effectId:writeVarInt;parentBoostUid:writeVarInt	client-as3	268-partiel
EntityLook	9813	sources/client268-as3/scripts/com/ankamagames/dofus/network/types/game/look/EntityLook.as:8	5	bonesId:uint;skins:Vector.<uint>;indexedColors:Vector.<int>;scales:Vector.<int>;subentities:Vector.<SubEntity>		bonesId:writeVarShort;skins#len:writeShort;skins[]:writeVarShort;indexedColors#len:writeShort;indexedColors[]:writeInt;scales#len:writeShort;scales[]:writeVarShort;subentities#len:writeShort;subentities[]:asSubEntity	client-as3	268-partiel
FightTemporaryBoostEffect	5112	sources/client268-as3/scripts/com/ankamagames/dofus/network/types/game/actions/fight/FightTemporaryBoostEffect.as:8	1	delta:int	AbstractFightDispellableEffect	super:AbstractFightDispellableEffect;delta:writeInt	client-as3	268-partiel
GameContextActorInformations	7738	sources/client268-as3/scripts/com/ankamagames/dofus/network/types/game/context/GameContextActorInformations.as:9	1	look:EntityLook	GameContextActorPositionInformations	super:GameContextActorPositionInformations;look:asEntityLook	client-as3	268-partiel
GameContextActorPositionInformations	4277	sources/client268-as3/scripts/com/ankamagames/dofus/network/types/game/context/GameContextActorPositionInformations.as:9	2	contextualId:Number;disposition:EntityDispositionInformations		contextualId:writeDouble;#typeId:writeShort;disposition:serialize	client-as3	268-partiel
GameContextSummonsInformation	3745	sources/client268-as3/scripts/com/ankamagames/dofus/network/types/game/context/fight/GameContextSummonsInformation.as:10	5	spawnInformation:SpawnInformation;wave:uint;look:EntityLook;stats:GameFightCharacteristics;summons:Vector.<GameContextBasicSpawnInformation>		#typeId:writeShort;spawnInformation:serialize;wave:writeByte;look:asEntityLook;#typeId:writeShort;stats:serialize;summons#len:writeShort;summons[]#typeId:writeShort;summons[]:serialize	client-as3	268-partiel
GameFightAIInformations	4653	sources/client268-as3/scripts/com/ankamagames/dofus/network/types/game/context/fight/GameFightAIInformations.as:10	0		GameFightFighterInformations	super:GameFightFighterInformations	client-as3	268-partiel
GameFightCharacterInformations	1332	sources/client268-as3/scripts/com/ankamagames/dofus/network/types/game/context/fight/GameFightCharacterInformations.as:12	4	level:uint;alignmentInfos:ActorAlignmentInformations;breed:int;sex:Boolean	GameFightFighterNamedInformations	super:GameFightFighterNamedInformations;level:writeVarShort;alignmentInfos:asActorAlignmentInformations;breed:writeByte;sex:writeBoolean	client-as3	268-partiel
GameFightEntityInformation	7538	sources/client268-as3/scripts/com/ankamagames/dofus/network/types/game/context/fight/GameFightEntityInformation.as:10	3	entityModelId:uint;level:uint;masterId:Number	GameFightFighterInformations	super:GameFightFighterInformations;entityModelId:writeByte;level:writeVarShort;masterId:writeDouble	client-as3	268-partiel
GameFightFighterInformations	486	sources/client268-as3/scripts/com/ankamagames/dofus/network/types/game/context/fight/GameFightFighterInformations.as:12	4	spawnInfo:GameContextBasicSpawnInformation;wave:uint;stats:GameFightCharacteristics;previousPositions:Vector.<uint>	GameContextActorInformations	super:GameContextActorInformations;spawnInfo:asGameContextBasicSpawnInformation;wave:writeByte;#typeId:writeShort;stats:serialize;previousPositions#len:writeShort;previousPositions[]:writeVarShort	client-as3	268-partiel
GameFightFighterNamedInformations	5498	sources/client268-as3/scripts/com/ankamagames/dofus/network/types/game/context/fight/GameFightFighterNamedInformations.as:11	5	name:String;status:PlayerStatus;leagueId:int;ladderPosition:int;hiddenInPrefight:Boolean	GameFightFighterInformations	super:GameFightFighterInformations;name:writeUTF;status:asPlayerStatus;leagueId:writeVarShort;ladderPosition:writeInt;hiddenInPrefight:writeBoolean	client-as3	268-partiel
GameFightMonsterInformations	6284	sources/client268-as3/scripts/com/ankamagames/dofus/network/types/game/context/fight/GameFightMonsterInformations.as:10	3	creatureGenericId:uint;creatureGrade:uint;creatureLevel:uint	GameFightAIInformations	super:GameFightAIInformations;creatureGenericId:writeVarShort;creatureGrade:writeByte;creatureLevel:writeShort	client-as3	268-partiel
GameFightTaxCollectorInformations	5929	sources/client268-as3/scripts/com/ankamagames/dofus/network/types/game/context/fight/GameFightTaxCollectorInformations.as:10	2	firstNameId:uint;lastNameId:uint	GameFightAIInformations	super:GameFightAIInformations;firstNameId:writeVarShort;lastNameId:writeVarShort	client-as3	268-partiel
GameRolePlayActorInformations	9162	sources/client268-as3/scripts/com/ankamagames/dofus/network/types/game/context/roleplay/GameRolePlayActorInformations.as:11	0		GameContextActorInformations	super:GameContextActorInformations	client-as3	268-partiel
GameRolePlayCharacterInformations	9497	sources/client268-as3/scripts/com/ankamagames/dofus/network/types/game/context/roleplay/GameRolePlayCharacterInformations.as:11	1	alignmentInfos:ActorAlignmentInformations	GameRolePlayHumanoidInformations	super:GameRolePlayHumanoidInformations;alignmentInfos:asActorAlignmentInformations	client-as3	268-partiel
GameRolePlayGroupMonsterInformations	7008	sources/client268-as3/scripts/com/ankamagames/dofus/network/types/game/context/roleplay/GameRolePlayGroupMonsterInformations.as:11	4	staticInfos:GroupMonsterStaticInformations;lootShare:int;alignmentSide:int;hasHardcoreDrop:Boolean	GameRolePlayActorInformations	super:GameRolePlayActorInformations;#typeId:writeShort;staticInfos:serialize;lootShare:writeByte;alignmentSide:writeByte;hasHardcoreDrop:writeBoolean	client-as3	268-partiel
GameRolePlayGroupMonsterWaveInformations	8988	sources/client268-as3/scripts/com/ankamagames/dofus/network/types/game/context/roleplay/GameRolePlayGroupMonsterWaveInformations.as:11	2	nbWaves:uint;alternatives:Vector.<GroupMonsterStaticInformations>	GameRolePlayGroupMonsterInformations	super:GameRolePlayGroupMonsterInformations;nbWaves:writeByte;alternatives#len:writeShort;alternatives[]#typeId:writeShort;alternatives[]:serialize	client-as3	268-partiel
GameRolePlayHumanoidInformations	8790	sources/client268-as3/scripts/com/ankamagames/dofus/network/types/game/context/roleplay/GameRolePlayHumanoidInformations.as:11	2	humanoidInfo:HumanInformations;accountId:uint	GameRolePlayNamedActorInformations	super:GameRolePlayNamedActorInformations;#typeId:writeShort;humanoidInfo:serialize;accountId:writeInt	client-as3	268-partiel
GameRolePlayMountInformations	3340	sources/client268-as3/scripts/com/ankamagames/dofus/network/types/game/context/roleplay/GameRolePlayMountInformations.as:10	2	ownerName:String;level:uint	GameRolePlayNamedActorInformations	super:GameRolePlayNamedActorInformations;ownerName:writeUTF;level:writeByte	client-as3	268-partiel
GameRolePlayMutantInformations	6556	sources/client268-as3/scripts/com/ankamagames/dofus/network/types/game/context/roleplay/GameRolePlayMutantInformations.as:10	2	monsterId:uint;powerLevel:int	GameRolePlayHumanoidInformations	super:GameRolePlayHumanoidInformations;monsterId:writeVarShort;powerLevel:writeByte	client-as3	268-partiel
GameRolePlayNamedActorInformations	594	sources/client268-as3/scripts/com/ankamagames/dofus/network/types/game/context/roleplay/GameRolePlayNamedActorInformations.as:10	1	name:String	GameRolePlayActorInformations	super:GameRolePlayActorInformations;name:writeUTF	client-as3	268-partiel
GameRolePlayNpcInformations	2951	sources/client268-as3/scripts/com/ankamagames/dofus/network/types/game/context/roleplay/GameRolePlayNpcInformations.as:10	3	npcId:uint;sex:Boolean;specialArtworkId:uint	GameRolePlayActorInformations	super:GameRolePlayActorInformations;npcId:writeVarShort;sex:writeBoolean;specialArtworkId:writeVarShort	client-as3	268-partiel
GameRolePlayNpcWithQuestInformations	2889	sources/client268-as3/scripts/com/ankamagames/dofus/network/types/game/context/roleplay/GameRolePlayNpcWithQuestInformations.as:11	1	questFlag:GameRolePlayNpcQuestFlag	GameRolePlayNpcInformations	super:GameRolePlayNpcInformations;questFlag:asGameRolePlayNpcQuestFlag	client-as3	268-partiel
GameRolePlayPortalInformations	4429	sources/client268-as3/scripts/com/ankamagames/dofus/network/types/game/context/roleplay/GameRolePlayPortalInformations.as:12	1	portal:PortalInformation	GameRolePlayActorInformations	super:GameRolePlayActorInformations;#typeId:writeShort;portal:serialize	client-as3	268-partiel
GameRolePlayPrismInformations	9294	sources/client268-as3/scripts/com/ankamagames/dofus/network/types/game/context/roleplay/GameRolePlayPrismInformations.as:12	1	prism:PrismInformation	GameRolePlayActorInformations	super:GameRolePlayActorInformations;#typeId:writeShort;prism:serialize	client-as3	268-partiel
GameRolePlayTaxCollectorInformations	7225	sources/client268-as3/scripts/com/ankamagames/dofus/network/types/game/context/GameRolePlayTaxCollectorInformations.as:11	2	identification:TaxCollectorStaticInformations;taxCollectorAttack:int	GameRolePlayActorInformations	super:GameRolePlayActorInformations;#typeId:writeShort;identification:serialize;taxCollectorAttack:writeInt	client-as3	268-partiel
HavenBagRoomPreviewInformation	5153	sources/client268-as3/scripts/com/ankamagames/dofus/network/types/game/havenbag/HavenBagRoomPreviewInformation.as:8	2	roomId:uint;themeId:int		roomId:writeByte;themeId:writeByte	client-as3	268-partiel
InteractiveElement	8946	sources/client268-as3/scripts/com/ankamagames/dofus/network/types/game/interactive/InteractiveElement.as:9	5	elementId:uint;elementTypeId:int;enabledSkills:Vector.<InteractiveElementSkill>;disabledSkills:Vector.<InteractiveElementSkill>;onCurrentMap:Boolean		elementId:writeInt;elementTypeId:writeInt;enabledSkills#len:writeShort;enabledSkills[]#typeId:writeShort;enabledSkills[]:serialize;disabledSkills#len:writeShort;disabledSkills[]#typeId:writeShort;disabledSkills[]:serialize;onCurrentMap:writeBoolean	client-as3	268-partiel
SpawnCompanionInformation	7699	sources/client268-as3/scripts/com/ankamagames/dofus/network/types/game/context/fight/SpawnCompanionInformation.as:8	4	modelId:uint;level:uint;summonerId:Number;ownerId:Number	SpawnInformation	super:SpawnInformation;modelId:writeByte;level:writeVarShort;summonerId:writeDouble;ownerId:writeDouble	client-as3	268-partiel
SpawnInformation	5624	sources/client268-as3/scripts/com/ankamagames/dofus/network/types/game/context/fight/SpawnInformation.as:8	0				client-as3	268-partiel
SubEntity	6465	sources/client268-as3/scripts/com/ankamagames/dofus/network/types/game/look/SubEntity.as:8	3	bindingPointCategory:uint;bindingPointIndex:uint;subEntityLook:EntityLook		bindingPointCategory:writeByte;bindingPointIndex:writeByte;subEntityLook:asEntityLook	client-as3	268-partiel
